borrower_id,name,type,entity_subtype,date_of_birth_or_incorporation,tax_id,annual_revenue,employee_count,credit_score,risk_rating,status
BRW-0001,Patrick Nelson,individual,natural_person,1987-03-13,TFN-0001-XXX,0,0,632,high,active
BRW-0002,Monica Smith,individual,natural_person,1991-12-24,TFN-0002-XXX,0,0,796,low,active
BRW-0003,Katarina Wu,individual,natural_person,1967-03-05,TFN-0003-XXX,0,0,773,low,active
BRW-0004,Dimitri Mitchell,individual,natural_person,1997-11-08,TFN-0004-XXX,0,0,667,medium,active
BRW-0005,Mohammed Wu,individual,natural_person,1992-05-15,TFN-0005-XXX,0,0,651,medium,active
BRW-0006,Sophie Becker,individual,natural_person,1998-02-26,TFN-0006-XXX,0,0,658,medium,active
BRW-0007,James Fischer,individual,natural_person,1985-09-14,TFN-0007-XXX,0,0,671,medium,active
BRW-0008,Paul Adams,individual,natural_person,1998-05-04,TFN-0008-XXX,0,0,620,high,active
BRW-0009,Aisha Liu,individual,natural_person,1988-10-03,TFN-0009-XXX,0,0,682,medium,active
BRW-0010,Brian Jackson,individual,natural_person,1969-05-02,TFN-0010-XXX,0,0,722,low,active
BRW-0011,Alan Thompson,individual,natural_person,1986-04-09,TFN-0011-XXX,0,0,677,medium,active
BRW-0012,Mia Murphy,individual,natural_person,2001-07-19,TFN-0012-XXX,0,0,715,medium,active
BRW-0013,Sophie Allen,individual,natural_person,1997-11-01,TFN-0013-XXX,0,0,614,high,active
BRW-0014,Dimitri O'Neill,individual,natural_person,1982-08-23,TFN-0014-XXX,0,0,741,low,active
BRW-0015,Chiara Nelson,individual,natural_person,1978-05-26,TFN-0015-XXX,0,0,660,medium,active
BRW-0016,Alan Wright,individual,natural_person,1961-05-16,TFN-0016-XXX,0,0,838,low,active
BRW-0017,Coastal Karri Group Pty Ltd,corporate,proprietary_company,2008-08-16,ABN-0017-XXX,15325539,144,0,medium,active
BRW-0018,John Flores,individual,natural_person,1988-12-15,TFN-0018-XXX,0,0,707,medium,active
BRW-0019,Ivan Thompson,individual,natural_person,1977-01-20,TFN-0019-XXX,0,0,820,low,active
BRW-0020,Simon Hall,individual,natural_person,1964-05-15,TFN-0020-XXX,0,0,599,high,active
BRW-0021,Richard Sullivan,individual,natural_person,1994-06-03,TFN-0021-XXX,0,0,839,low,active
BRW-0022,Aisha McCarthy,individual,natural_person,1981-08-27,TFN-0022-XXX,0,0,806,low,active
BRW-0023,Marcus Ryan,individual,natural_person,1982-04-26,TFN-0023-XXX,0,0,681,medium,active
BRW-0024,Hannah Hall,individual,natural_person,1968-08-25,TFN-0024-XXX,0,0,605,high,active
BRW-0025,Ibrahim Roberts,individual,natural_person,1968-09-05,TFN-0025-XXX,0,0,702,medium,active
BRW-0026,Prasad Walsh,individual,natural_person,2000-10-21,TFN-0026-XXX,0,0,774,low,active
BRW-0027,Ling Brown,individual,natural_person,1976-10-30,TFN-0027-XXX,0,0,593,high,active
BRW-0028,Jennifer Green,individual,natural_person,1997-11-30,TFN-0028-XXX,0,0,600,high,active
BRW-0029,Peter Richter,individual,natural_person,1978-03-27,TFN-0029-XXX,0,0,638,high,active
BRW-0030,Anna Nguyen,individual,natural_person,1997-09-17,TFN-0030-XXX,0,0,754,low,active
BRW-0031,Rosa Harris,individual,natural_person,1984-08-18,TFN-0031-XXX,0,0,704,medium,active
BRW-0032,Deepak Wagner,individual,natural_person,1986-12-20,TFN-0032-XXX,0,0,823,low,active
BRW-0033,Logan Torres,individual,natural_person,1994-10-02,TFN-0033-XXX,0,0,674,medium,active
BRW-0034,Stephen Walsh,individual,natural_person,1993-11-23,TFN-0034-XXX,0,0,831,low,active
BRW-0035,Hiroshi Jackson,individual,natural_person,1965-11-19,TFN-0035-XXX,0,0,607,high,active
BRW-0036,Nadia Schneider,individual,natural_person,1995-04-17,TFN-0036-XXX,0,0,688,medium,active
BRW-0037,Simon O'Brien,individual,natural_person,1964-12-04,TFN-0037-XXX,0,0,681,medium,active
BRW-0038,Marie Carter,individual,natural_person,1973-03-05,TFN-0038-XXX,0,0,819,low,active
BRW-0039,Ethan Singh,individual,natural_person,1968-11-29,TFN-0039-XXX,0,0,806,low,active
BRW-0040,Joshua Torres,individual,natural_person,1985-06-15,TFN-0040-XXX,0,0,639,high,active
BRW-0041,Amelia Brown,individual,natural_person,1961-11-08,TFN-0041-XXX,0,0,702,medium,active
BRW-0042,Nicole Young,individual,natural_person,1963-09-18,TFN-0042-XXX,0,0,649,high,active
BRW-0043,Nicole Wu,individual,natural_person,1981-04-07,TFN-0043-XXX,0,0,702,medium,active
BRW-0044,Angela Martin,individual,natural_person,1968-08-21,TFN-0044-XXX,0,0,587,high,active
BRW-0045,Ravi Jones,individual,natural_person,1962-02-05,TFN-0045-XXX,0,0,700,medium,active
BRW-0046,Sergei Allen,individual,natural_person,1991-03-31,TFN-0046-XXX,0,0,620,high,active
BRW-0047,Helen Carter,individual,natural_person,1967-03-22,TFN-0047-XXX,0,0,617,high,active
BRW-0048,Michelle Roberts,individual,natural_person,2001-10-17,TFN-0048-XXX,0,0,605,high,active
BRW-0049,Anna Fitzgerald,individual,natural_person,1993-11-18,TFN-0049-XXX,0,0,629,high,active
BRW-0050,Stephen Hoffman,individual,natural_person,1980-02-28,TFN-0050-XXX,0,0,819,low,active
BRW-0051,Caleb Singh,individual,natural_person,2000-11-13,TFN-0051-XXX,0,0,747,low,active
BRW-0052,Ling Zhang,individual,natural_person,1964-03-20,TFN-0052-XXX,0,0,792,low,active
BRW-0053,Helen Harris,individual,natural_person,1988-11-24,TFN-0053-XXX,0,0,590,high,active
BRW-0054,Grace Rahman,individual,natural_person,1985-03-31,TFN-0054-XXX,0,0,636,high,active
BRW-0055,Samuel Hoffman,individual,natural_person,1997-09-01,TFN-0055-XXX,0,0,809,low,active
BRW-0056,Antonio Rodriguez,individual,natural_person,1997-03-06,TFN-0056-XXX,0,0,720,low,active
BRW-0057,Michelle Zhang,individual,natural_person,1995-06-10,TFN-0057-XXX,0,0,798,low,active
BRW-0058,Lisa Fischer,individual,natural_person,1998-05-28,TFN-0058-XXX,0,0,739,low,active
BRW-0059,George Walsh,individual,natural_person,1982-06-23,TFN-0059-XXX,0,0,759,low,active
BRW-0060,Oliver Becker,individual,natural_person,1962-01-26,TFN-0060-XXX,0,0,621,high,active
BRW-0061,Marco Anderson,individual,natural_person,2001-04-15,TFN-0061-XXX,0,0,734,low,active
BRW-0062,Hannah Gupta,individual,natural_person,1966-12-09,TFN-0062-XXX,0,0,761,low,active
BRW-0063,Sophie Yang,individual,natural_person,1995-05-05,TFN-0063-XXX,0,0,803,low,active
BRW-0064,Jack Hill,individual,natural_person,1989-03-30,TFN-0064-XXX,0,0,658,medium,active
BRW-0065,Andrew Turner,individual,natural_person,1972-08-19,TFN-0065-XXX,0,0,599,high,active
BRW-0066,Benjamin Edwards,individual,natural_person,1996-09-15,TFN-0066-XXX,0,0,668,medium,active
BRW-0067,Nikolai Rivera,individual,natural_person,1983-05-10,TFN-0067-XXX,0,0,656,medium,active
BRW-0068,Brian Robinson,individual,natural_person,1968-02-17,TFN-0068-XXX,0,0,796,low,active
BRW-0069,Chloe Lee,individual,natural_person,1990-12-21,TFN-0069-XXX,0,0,664,medium,active
BRW-0070,Ian Klein,individual,natural_person,1977-09-15,TFN-0070-XXX,0,0,850,low,active
BRW-0071,Owen Zhao,individual,natural_person,1979-01-14,TFN-0071-XXX,0,0,792,low,active
BRW-0072,Emma Hill,individual,natural_person,1988-03-17,TFN-0072-XXX,0,0,850,low,active
BRW-0073,Suresh Zhang,individual,natural_person,1990-12-07,TFN-0073-XXX,0,0,623,high,active
BRW-0074,Charlotte Richter,individual,natural_person,1964-06-19,TFN-0074-XXX,0,0,648,high,active
BRW-0075,Helen Jones,individual,natural_person,1983-04-14,TFN-0075-XXX,0,0,602,high,active
BRW-0076,Lisa Wang,individual,natural_person,1973-07-17,TFN-0076-XXX,0,0,753,low,active
BRW-0077,Isabella Rahman,individual,natural_person,1983-06-14,TFN-0077-XXX,0,0,632,high,active
BRW-0078,Mia Brown,individual,natural_person,1992-11-07,TFN-0078-XXX,0,0,804,low,active
BRW-0079,Mason Sharma,individual,natural_person,1968-07-17,TFN-0079-XXX,0,0,640,high,active
BRW-0080,Mark Lee,individual,natural_person,1961-03-31,TFN-0080-XXX,0,0,765,low,active
BRW-0081,Astrid Li,individual,natural_person,1965-02-07,TFN-0081-XXX,0,0,644,high,active
BRW-0082,Duc Carter,individual,natural_person,1996-05-08,TFN-0082-XXX,0,0,680,medium,active
BRW-0083,John O'Neill,individual,natural_person,1965-05-16,TFN-0083-XXX,0,0,687,medium,active
BRW-0084,Richard Weber,individual,natural_person,1979-07-24,TFN-0084-XXX,0,0,646,high,active
BRW-0085,Oliver Sharma,individual,natural_person,1969-08-28,TFN-0085-XXX,0,0,835,low,active
BRW-0086,Vikram Taylor,individual,natural_person,1965-10-15,TFN-0086-XXX,0,0,679,medium,active
BRW-0087,Jessica Jones,individual,natural_person,1993-06-20,TFN-0087-XXX,0,0,822,low,active
BRW-0088,Nikolai Garcia,individual,natural_person,1975-10-26,TFN-0088-XXX,0,0,737,low,active
BRW-0089,Wei Lewis,individual,natural_person,1975-12-20,TFN-0089-XXX,0,0,684,medium,active
BRW-0090,Mei Murphy,individual,natural_person,1981-03-30,TFN-0090-XXX,0,0,815,low,active
BRW-0091,Ruby Carter,individual,natural_person,1994-10-21,TFN-0091-XXX,0,0,774,low,active
BRW-0092,Fatima Adams,individual,natural_person,1986-01-26,TFN-0092-XXX,0,0,695,medium,active
BRW-0093,Banksia Summit Investments Pty Ltd,corporate,proprietary_company,2019-08-24,ABN-0093-XXX,16461831,125,0,medium,active
BRW-0094,Celeste Jones,individual,natural_person,1976-09-10,TFN-0094-XXX,0,0,675,medium,active
BRW-0095,Peter Schmidt,individual,natural_person,1990-01-08,TFN-0095-XXX,0,0,752,low,active
BRW-0096,Aaron Patel,individual,natural_person,1981-05-08,TFN-0096-XXX,0,0,583,high,active
BRW-0097,Valentina Martinez,individual,natural_person,1961-06-01,TFN-0097-XXX,0,0,768,low,active
BRW-0098,Amelia Anderson,individual,natural_person,1966-09-16,TFN-0098-XXX,0,0,683,medium,active
BRW-0099,Peter Smith,individual,natural_person,1988-10-23,TFN-0099-XXX,0,0,617,high,active
BRW-0100,Nicole White,individual,natural_person,1967-03-10,TFN-0100-XXX,0,0,758,low,active
BRW-0101,Amelia Jones,individual,natural_person,1975-11-11,TFN-0101-XXX,0,0,588,high,active
BRW-0102,Jack Sullivan,individual,natural_person,1968-04-23,TFN-0102-XXX,0,0,791,low,active
BRW-0103,Kai Singh,individual,natural_person,1986-04-26,TFN-0103-XXX,0,0,733,low,active
BRW-0104,Yusuf Nguyen,individual,natural_person,1996-10-01,TFN-0104-XXX,0,0,677,medium,active
BRW-0105,Priya Nelson,individual,natural_person,1963-12-27,TFN-0105-XXX,0,0,684,medium,active
BRW-0106,Hannah Schneider,individual,natural_person,1992-01-09,TFN-0106-XXX,0,0,713,medium,active
BRW-0107,Ravi Kumar,individual,natural_person,1990-10-05,TFN-0107-XXX,0,0,610,high,active
BRW-0108,Celeste Nakamura,individual,natural_person,1971-12-04,TFN-0108-XXX,0,0,829,low,active
BRW-0109,Sofia Yang,individual,natural_person,1990-02-24,TFN-0109-XXX,0,0,629,high,active
BRW-0110,Sanjay Singh,individual,natural_person,1998-11-23,TFN-0110-XXX,0,0,584,high,active
BRW-0111,Hannah Scott,individual,natural_person,1965-09-01,TFN-0111-XXX,0,0,718,medium,active
BRW-0112,Diana Murphy,individual,natural_person,1996-09-13,TFN-0112-XXX,0,0,757,low,active
BRW-0113,Nicole White,individual,natural_person,1962-06-01,TFN-0113-XXX,0,0,706,medium,active
BRW-0114,Angela Morris,individual,natural_person,1984-02-22,TFN-0114-XXX,0,0,647,high,active
BRW-0115,Zoe Jung,individual,natural_person,1968-03-27,TFN-0115-XXX,0,0,774,low,active
BRW-0116,Leo Murphy,individual,natural_person,1980-08-13,TFN-0116-XXX,0,0,751,low,active
BRW-0117,Anil King,individual,natural_person,1964-10-06,TFN-0117-XXX,0,0,672,medium,active
BRW-0118,Priya Kang,individual,natural_person,1976-09-30,TFN-0118-XXX,0,0,839,low,active
BRW-0119,Jennifer Walker,individual,natural_person,1962-01-23,TFN-0119-XXX,0,0,784,low,active
BRW-0120,Christopher Garcia,individual,natural_person,1992-06-27,TFN-0120-XXX,0,0,739,low,active
BRW-0121,Rachel Park,individual,natural_person,1974-08-25,TFN-0121-XXX,0,0,698,medium,active
BRW-0122,Alexander Wu,individual,natural_person,1994-05-15,TFN-0122-XXX,0,0,830,low,active
BRW-0123,Jack Khan,individual,natural_person,1977-08-03,TFN-0123-XXX,0,0,650,medium,active
BRW-0124,Yuki Gupta,individual,natural_person,1970-07-29,TFN-0124-XXX,0,0,831,low,active
BRW-0125,Ian Walker,individual,natural_person,1972-10-16,TFN-0125-XXX,0,0,833,low,active
BRW-0126,Angela Campbell,individual,natural_person,1979-02-14,TFN-0126-XXX,0,0,804,low,active
BRW-0127,Aaron Wright,individual,natural_person,1988-01-31,TFN-0127-XXX,0,0,759,low,active
BRW-0128,Kevin Nelson,individual,natural_person,1976-09-07,TFN-0128-XXX,0,0,652,medium,active
BRW-0129,Michelle Scott,individual,natural_person,1974-04-19,TFN-0129-XXX,0,0,833,low,active
BRW-0130,Lisa King,individual,natural_person,1993-11-29,TFN-0130-XXX,0,0,734,low,active
BRW-0131,Luke Yamamoto,individual,natural_person,1987-09-23,TFN-0131-XXX,0,0,807,low,active
BRW-0132,Richard Nguyen,individual,natural_person,1982-03-12,TFN-0132-XXX,0,0,775,low,active
BRW-0133,Jennifer Liu,individual,natural_person,1981-03-13,TFN-0133-XXX,0,0,706,medium,active
BRW-0134,Marcus Sharma,individual,natural_person,1961-11-01,TFN-0134-XXX,0,0,616,high,active
BRW-0135,Diana Chen,individual,natural_person,1969-05-27,TFN-0135-XXX,0,0,836,low,active
BRW-0136,Lily Lewis,individual,natural_person,1967-06-17,TFN-0136-XXX,0,0,780,low,active
BRW-0137,Valentina Johnson,individual,natural_person,1991-09-12,TFN-0137-XXX,0,0,757,low,active
BRW-0138,David Collins,individual,natural_person,1974-05-20,TFN-0138-XXX,0,0,848,low,active
BRW-0139,Jessica Johnson,individual,natural_person,1986-01-24,TFN-0139-XXX,0,0,821,low,active
BRW-0140,Wei Fischer,individual,natural_person,1981-05-19,TFN-0140-XXX,0,0,619,high,active
BRW-0141,Anil Evans,individual,natural_person,1962-05-05,TFN-0141-XXX,0,0,817,low,active
BRW-0142,Ravi Stewart,individual,natural_person,1961-12-22,TFN-0142-XXX,0,0,584,high,active
BRW-0143,Ryan Gupta,individual,natural_person,1993-11-23,TFN-0143-XXX,0,0,781,low,active
BRW-0144,Omar Torres,individual,natural_person,1975-03-03,TFN-0144-XXX,0,0,763,low,active
BRW-0145,Lily Parker,individual,natural_person,1992-02-16,TFN-0145-XXX,0,0,707,medium,active
BRW-0146,Hannah Robinson,individual,natural_person,1989-07-25,TFN-0146-XXX,0,0,770,low,active
BRW-0147,Rosa Collins,individual,natural_person,1994-01-22,TFN-0147-XXX,0,0,816,low,active
BRW-0148,Sanjay Patel,individual,natural_person,1998-02-14,TFN-0148-XXX,0,0,723,low,active
BRW-0149,Patrick Anderson,individual,natural_person,1971-09-29,TFN-0149-XXX,0,0,763,low,active
BRW-0150,Sakura Rodriguez,individual,natural_person,1965-04-07,TFN-0150-XXX,0,0,832,low,active
BRW-0151,Marie Rodriguez,individual,natural_person,1994-09-27,TFN-0151-XXX,0,0,766,low,active
BRW-0152,Diana O'Connor,individual,natural_person,1970-11-29,TFN-0152-XXX,0,0,742,low,active
BRW-0153,Richard Nakamura,individual,natural_person,1987-11-24,TFN-0153-XXX,0,0,633,high,active
BRW-0154,James Taylor,individual,natural_person,1977-08-13,TFN-0154-XXX,0,0,794,low,active
BRW-0155,Hannah Lee,individual,natural_person,1973-02-07,TFN-0155-XXX,0,0,597,high,active
BRW-0156,Thomas Martin,individual,natural_person,1980-04-15,TFN-0156-XXX,0,0,677,medium,active
BRW-0157,Khalid O'Brien,individual,natural_person,1963-09-03,TFN-0157-XXX,0,0,682,medium,active
BRW-0158,Mohammed Rahman,individual,natural_person,1977-04-05,TFN-0158-XXX,0,0,769,low,active
BRW-0159,Kai Fitzgerald,individual,natural_person,1971-10-21,TFN-0159-XXX,0,0,700,medium,active
BRW-0160,Lisa King,individual,natural_person,1961-03-17,TFN-0160-XXX,0,0,712,medium,active
BRW-0161,Charlotte Thompson,individual,natural_person,1965-02-21,TFN-0161-XXX,0,0,726,low,active
BRW-0162,Tariq Mitchell,individual,natural_person,1978-01-11,TFN-0162-XXX,0,0,752,low,active
BRW-0163,Arjun Schneider,individual,natural_person,1970-09-22,TFN-0163-XXX,0,0,771,low,active
BRW-0164,Alexander Anderson,individual,natural_person,1986-01-17,TFN-0164-XXX,0,0,813,low,active
BRW-0165,Sophie Carter,individual,natural_person,2000-07-16,TFN-0165-XXX,0,0,605,high,active
BRW-0166,Paul Schmidt,individual,natural_person,1984-08-04,TFN-0166-XXX,0,0,772,low,active
BRW-0167,Matthew Edwards,individual,natural_person,1984-11-23,TFN-0167-XXX,0,0,746,low,active
BRW-0168,Monica Tanaka,individual,natural_person,1976-12-04,TFN-0168-XXX,0,0,743,low,active
BRW-0169,Rosa Sullivan,individual,natural_person,1966-04-03,TFN-0169-XXX,0,0,730,low,active
BRW-0170,Thomas O'Connor,individual,natural_person,1964-10-24,TFN-0170-XXX,0,0,616,high,active
BRW-0171,Hassan Hall,individual,natural_person,1981-11-21,TFN-0171-XXX,0,0,609,high,active
BRW-0172,Mei Young,individual,natural_person,2000-12-12,TFN-0172-XXX,0,0,582,high,active
BRW-0173,Anita Flores,individual,natural_person,1989-03-26,TFN-0173-XXX,0,0,786,low,active
BRW-0174,Emily Murphy,individual,natural_person,1994-08-02,TFN-0174-XXX,0,0,807,low,active
BRW-0175,Anita King,individual,natural_person,1963-04-13,TFN-0175-XXX,0,0,714,medium,active
BRW-0176,Marcus Smith,individual,natural_person,2001-12-10,TFN-0176-XXX,0,0,625,high,active
BRW-0177,John Johnson,individual,natural_person,1993-12-06,TFN-0177-XXX,0,0,667,medium,active
BRW-0178,Emily Lee,individual,natural_person,1995-08-02,TFN-0178-XXX,0,0,827,low,active
BRW-0179,Priya Kumar,individual,natural_person,1994-07-30,TFN-0179-XXX,0,0,805,low,active
BRW-0180,Maria Rivera,individual,natural_person,1992-10-12,TFN-0180-XXX,0,0,607,high,active
BRW-0181,Sophie Sharma,individual,natural_person,1973-06-11,TFN-0181-XXX,0,0,640,high,active
BRW-0182,Deepak Richter,individual,natural_person,1962-11-04,TFN-0182-XXX,0,0,822,low,active
BRW-0183,Peter Nakamura,individual,natural_person,1989-04-07,TFN-0183-XXX,0,0,641,high,active
BRW-0184,Boronia Atlas Enterprises Pty Ltd,corporate,proprietary_company,2014-09-16,ABN-0184-XXX,20133393,126,0,medium,active
BRW-0185,Valentina Wagner,individual,natural_person,1986-05-21,TFN-0185-XXX,0,0,783,low,active
BRW-0186,Sofia Stewart,individual,natural_person,1993-12-30,TFN-0186-XXX,0,0,671,medium,active
BRW-0187,Kai Carter,individual,natural_person,1974-01-07,TFN-0187-XXX,0,0,847,low,active
BRW-0188,Ingrid Park,individual,natural_person,1987-11-28,TFN-0188-XXX,0,0,779,low,active
BRW-0189,Sanjay Taylor,individual,natural_person,2001-05-09,TFN-0189-XXX,0,0,683,medium,active
BRW-0190,Patrick Park,individual,natural_person,1985-03-08,TFN-0190-XXX,0,0,662,medium,active
BRW-0191,Matthew Gupta,individual,natural_person,1991-08-01,TFN-0191-XXX,0,0,786,low,active
BRW-0192,Marie Suzuki,individual,natural_person,1986-01-21,TFN-0192-XXX,0,0,744,low,active
BRW-0193,Stephen McCarthy,individual,natural_person,1989-06-14,TFN-0193-XXX,0,0,843,low,active
BRW-0194,Ali Schmidt,individual,natural_person,1980-01-20,TFN-0194-XXX,0,0,624,high,active
BRW-0195,Valentina Jackson,individual,natural_person,1979-09-15,TFN-0195-XXX,0,0,634,high,active
BRW-0196,Diana Weber,individual,natural_person,1978-01-06,TFN-0196-XXX,0,0,652,medium,active
BRW-0197,Peter Young,individual,natural_person,1994-04-03,TFN-0197-XXX,0,0,607,high,active
BRW-0198,Ahmad Adams,individual,natural_person,1995-05-26,TFN-0198-XXX,0,0,615,high,active
BRW-0199,Nikolai Weber,individual,natural_person,1980-09-02,TFN-0199-XXX,0,0,816,low,active
BRW-0200,Ella Weber,individual,natural_person,1961-02-09,TFN-0200-XXX,0,0,618,high,active
BRW-0201,Sophie Chen,individual,natural_person,1978-09-15,TFN-0201-XXX,0,0,585,high,active
BRW-0202,Anna Rodriguez,individual,natural_person,1971-07-03,TFN-0202-XXX,0,0,600,high,active
BRW-0203,Ahmad Murphy,individual,natural_person,1978-10-28,TFN-0203-XXX,0,0,619,high,active
BRW-0204,Ross Watanabe,individual,natural_person,1994-12-05,TFN-0204-XXX,0,0,697,medium,active
BRW-0205,Suresh Yamamoto,individual,natural_person,1991-03-10,TFN-0205-XXX,0,0,842,low,active
BRW-0206,Aisha Rodriguez,individual,natural_person,1964-04-03,TFN-0206-XXX,0,0,841,low,active
BRW-0207,Sung Fitzgerald,individual,natural_person,1975-03-18,TFN-0207-XXX,0,0,629,high,active
BRW-0208,Hannah Patel,individual,natural_person,1977-06-29,TFN-0208-XXX,0,0,630,high,active
BRW-0209,Benjamin Lewis,individual,natural_person,1974-11-30,TFN-0209-XXX,0,0,709,medium,active
BRW-0210,Khalid Martinez,individual,natural_person,1987-08-17,TFN-0210-XXX,0,0,662,medium,active
BRW-0211,Grant White,individual,natural_person,1963-01-20,TFN-0211-XXX,0,0,776,low,active
BRW-0212,Khalid Ahmed,individual,natural_person,1983-04-10,TFN-0212-XXX,0,0,597,high,active
BRW-0213,Joshua Kim,individual,natural_person,1983-10-14,TFN-0213-XXX,0,0,758,low,active
BRW-0214,Nicole Choi,individual,natural_person,1971-05-05,TFN-0214-XXX,0,0,753,low,active
BRW-0215,Horizon Nexus Group Pty Ltd,corporate,proprietary_company,2007-02-01,ABN-0215-XXX,13885890,175,0,medium,active
BRW-0216,Marcus Campbell,individual,natural_person,1988-04-27,TFN-0216-XXX,0,0,683,medium,active
BRW-0217,Owen Becker,individual,natural_person,1965-03-07,TFN-0217-XXX,0,0,607,high,active
BRW-0218,Isabella Kim,individual,natural_person,1985-05-02,TFN-0218-XXX,0,0,717,medium,active
BRW-0219,Liam Singh,individual,natural_person,2001-04-01,TFN-0219-XXX,0,0,795,low,active
BRW-0220,Brian Campbell,individual,natural_person,1978-07-04,TFN-0220-XXX,0,0,711,medium,active
BRW-0221,Noah O'Connor,individual,natural_person,1980-08-03,TFN-0221-XXX,0,0,787,low,active
BRW-0222,Grace Weber,individual,natural_person,1986-12-05,TFN-0222-XXX,0,0,708,medium,active
BRW-0223,Mei Wagner,individual,natural_person,1996-02-23,TFN-0223-XXX,0,0,714,medium,active
BRW-0224,Grace Walsh,individual,natural_person,1967-04-01,TFN-0224-XXX,0,0,813,low,active
BRW-0225,Valentina Kumar,individual,natural_person,1971-06-03,TFN-0225-XXX,0,0,584,high,active
BRW-0226,Maria Rivera,individual,natural_person,1977-04-23,TFN-0226-XXX,0,0,714,medium,active
BRW-0227,Ava Parker,individual,natural_person,2000-03-18,TFN-0227-XXX,0,0,605,high,active
BRW-0228,Meridian Coastal Pty Ltd,corporate,proprietary_company,2016-01-27,ABN-0228-XXX,7787622,90,0,medium,active
BRW-0229,Ravi Singh,individual,natural_person,1990-04-09,TFN-0229-XXX,0,0,708,medium,active
BRW-0230,John Hoffman,individual,natural_person,1966-09-24,TFN-0230-XXX,0,0,642,high,active
BRW-0231,Chloe Nguyen,individual,natural_person,1996-05-07,TFN-0231-XXX,0,0,660,medium,active
BRW-0232,Jennifer Fischer,individual,natural_person,1993-05-09,TFN-0232-XXX,0,0,600,high,active
BRW-0233,Helen Smith,individual,natural_person,1961-09-17,TFN-0233-XXX,0,0,774,low,active
BRW-0234,Luke Hall,individual,natural_person,1999-04-14,TFN-0234-XXX,0,0,634,high,active
BRW-0235,Rebecca Park,individual,natural_person,1975-07-08,TFN-0235-XXX,0,0,609,high,active
BRW-0236,Sakura Flores,individual,natural_person,1972-12-25,TFN-0236-XXX,0,0,798,low,active
BRW-0237,Celeste Hoffman,individual,natural_person,1985-07-04,TFN-0237-XXX,0,0,811,low,active
BRW-0238,Charlotte Jones,individual,natural_person,1972-07-01,TFN-0238-XXX,0,0,659,medium,active
BRW-0239,Aisha O'Neill,individual,natural_person,1982-01-20,TFN-0239-XXX,0,0,775,low,active
BRW-0240,Ivan Green,individual,natural_person,1992-01-26,TFN-0240-XXX,0,0,781,low,active
BRW-0241,Priya Park,individual,natural_person,1989-09-07,TFN-0241-XXX,0,0,782,low,active
BRW-0242,Ahmad Brown,individual,natural_person,1982-03-28,TFN-0242-XXX,0,0,759,low,active
BRW-0243,Thomas Nelson,individual,natural_person,1962-03-17,TFN-0243-XXX,0,0,727,low,active
BRW-0244,Mei Wilson,individual,natural_person,1985-03-29,TFN-0244-XXX,0,0,610,high,active
BRW-0245,Ryan Torres,individual,natural_person,1970-11-02,TFN-0245-XXX,0,0,625,high,active
BRW-0246,Oliver Williams,individual,natural_person,1979-12-17,TFN-0246-XXX,0,0,760,low,active
BRW-0247,Nikolai Nakamura,individual,natural_person,1961-12-18,TFN-0247-XXX,0,0,696,medium,active
BRW-0248,Ava Clark,individual,natural_person,1982-12-19,TFN-0248-XXX,0,0,848,low,active
BRW-0249,Ibrahim Schneider,individual,natural_person,1984-03-18,TFN-0249-XXX,0,0,676,medium,active
BRW-0250,Mitchell Kumar,individual,natural_person,1971-03-12,TFN-0250-XXX,0,0,663,medium,active
BRW-0251,Richard Chen,individual,natural_person,1962-10-20,TFN-0251-XXX,0,0,848,low,active
BRW-0252,Duc Rodriguez,individual,natural_person,1972-11-26,TFN-0252-XXX,0,0,811,low,active
BRW-0253,Ahmad Schmidt,individual,natural_person,1991-03-05,TFN-0253-XXX,0,0,626,high,active
BRW-0254,Cameron Wilson,individual,natural_person,1991-06-21,TFN-0254-XXX,0,0,656,medium,active
BRW-0255,Anita Adams,individual,natural_person,1988-10-28,TFN-0255-XXX,0,0,823,low,active
BRW-0256,Joshua Taylor,individual,natural_person,1995-08-02,TFN-0256-XXX,0,0,671,medium,active
BRW-0257,Nathan Murphy,individual,natural_person,1984-06-17,TFN-0257-XXX,0,0,849,low,active
BRW-0258,Anil Sharma,individual,natural_person,1968-11-19,TFN-0258-XXX,0,0,834,low,active
BRW-0259,Ibrahim Scott,individual,natural_person,2001-11-24,TFN-0259-XXX,0,0,683,medium,active
BRW-0260,Coolamon Aurora Group Pty Ltd,corporate,proprietary_company,2013-11-19,ABN-0260-XXX,24806717,148,0,medium,active
BRW-0261,Simone Ali,individual,natural_person,1980-08-24,TFN-0261-XXX,0,0,791,low,active
BRW-0262,Marco Garcia,individual,natural_person,1982-12-28,TFN-0262-XXX,0,0,741,low,active
BRW-0263,Kenji Weber,individual,natural_person,1968-06-07,TFN-0263-XXX,0,0,747,low,active
BRW-0264,Ingrid Turner,individual,natural_person,2000-10-22,TFN-0264-XXX,0,0,739,low,active
BRW-0265,Richard Mitchell,individual,natural_person,1992-12-26,TFN-0265-XXX,0,0,725,low,active
BRW-0266,Thomas Harris,individual,natural_person,1974-07-20,TFN-0266-XXX,0,0,671,medium,active
BRW-0267,Ella Morris,individual,natural_person,1976-04-03,TFN-0267-XXX,0,0,749,low,active
BRW-0268,Michelle Yamamoto,individual,natural_person,1975-05-03,TFN-0268-XXX,0,0,704,medium,active
BRW-0269,Laura Park,individual,natural_person,1995-08-16,TFN-0269-XXX,0,0,670,medium,active
BRW-0270,Sebastian Clark,individual,natural_person,1964-11-21,TFN-0270-XXX,0,0,580,high,active
BRW-0271,Nadia Khan,individual,natural_person,1976-03-06,TFN-0271-XXX,0,0,730,low,active
BRW-0272,Aaron Young,individual,natural_person,1966-07-16,TFN-0272-XXX,0,0,764,low,active
BRW-0273,Helen Khan,individual,natural_person,1974-10-10,TFN-0273-XXX,0,0,810,low,active
BRW-0274,Boris White,individual,natural_person,1992-09-26,TFN-0274-XXX,0,0,723,low,active
BRW-0275,Ling Kang,individual,natural_person,1982-11-10,TFN-0275-XXX,0,0,607,high,active
BRW-0276,Noah Jung,individual,natural_person,1998-12-03,TFN-0276-XXX,0,0,729,low,active
BRW-0277,Ethan Campbell,individual,natural_person,1986-09-06,TFN-0277-XXX,0,0,672,medium,active
BRW-0278,Vikram Singh,individual,natural_person,1982-09-01,TFN-0278-XXX,0,0,699,medium,active
BRW-0279,Jennifer Yang,individual,natural_person,1962-11-30,TFN-0279-XXX,0,0,719,medium,active
BRW-0280,Astrid Young,individual,natural_person,1968-06-21,TFN-0280-XXX,0,0,672,medium,active
BRW-0281,Simone Scott,individual,natural_person,1963-11-23,TFN-0281-XXX,0,0,642,high,active
BRW-0282,Omar Sullivan,individual,natural_person,1997-11-24,TFN-0282-XXX,0,0,812,low,active
BRW-0283,Isabella O'Neill,individual,natural_person,1970-02-25,TFN-0283-XXX,0,0,653,medium,active
BRW-0284,Simone Chen,individual,natural_person,1965-01-02,TFN-0284-XXX,0,0,843,low,active
BRW-0285,Sophie Morris,individual,natural_person,1967-06-24,TFN-0285-XXX,0,0,621,high,active
BRW-0286,Fatima Adams,individual,natural_person,1970-07-19,TFN-0286-XXX,0,0,612,high,active
BRW-0287,Hannah Jackson,individual,natural_person,1999-03-14,TFN-0287-XXX,0,0,830,low,active
BRW-0288,Hannah Thomas,individual,natural_person,1989-08-07,TFN-0288-XXX,0,0,752,low,active
BRW-0289,Ryan O'Brien,individual,natural_person,1962-07-12,TFN-0289-XXX,0,0,660,medium,active
BRW-0290,Min Nakamura,individual,natural_person,1996-11-17,TFN-0290-XXX,0,0,734,low,active
BRW-0291,Ethan Lee,individual,natural_person,1999-01-28,TFN-0291-XXX,0,0,766,low,active
BRW-0292,Samuel Parker,individual,natural_person,1987-02-20,TFN-0292-XXX,0,0,701,medium,active
BRW-0293,Boris Choi,individual,natural_person,1998-05-24,TFN-0293-XXX,0,0,649,high,active
BRW-0294,Michael Weber,individual,natural_person,1974-05-07,TFN-0294-XXX,0,0,706,medium,active
BRW-0295,Arjun Scott,individual,natural_person,1993-07-03,TFN-0295-XXX,0,0,731,low,active
BRW-0296,Karri Meridian Investments Pty Ltd,corporate,proprietary_company,2020-06-29,ABN-0296-XXX,11670476,138,0,medium,active
BRW-0297,Nikolai Morris,individual,natural_person,1998-02-26,TFN-0297-XXX,0,0,776,low,active
BRW-0298,Lakshmi Fitzgerald,individual,natural_person,1974-05-22,TFN-0298-XXX,0,0,607,high,active
BRW-0299,Sophie White,individual,natural_person,1976-04-01,TFN-0299-XXX,0,0,727,low,active
BRW-0300,Sergei Rahman,individual,natural_person,1993-08-31,TFN-0300-XXX,0,0,757,low,active
BRW-0301,Simon Baker,individual,natural_person,1971-07-10,TFN-0301-XXX,0,0,727,low,active
BRW-0302,Anna Torres,individual,natural_person,1979-03-17,TFN-0302-XXX,0,0,770,low,active
BRW-0303,Monica Choi,individual,natural_person,1973-06-23,TFN-0303-XXX,0,0,637,high,active
BRW-0304,Yusuf Ryan,individual,natural_person,1996-09-19,TFN-0304-XXX,0,0,781,low,active
BRW-0305,Ingrid Zhang,individual,natural_person,1973-05-28,TFN-0305-XXX,0,0,663,medium,active
BRW-0306,Rachel Thomas,individual,natural_person,1964-07-11,TFN-0306-XXX,0,0,625,high,active
BRW-0307,Chloe Campbell,individual,natural_person,1982-11-24,TFN-0307-XXX,0,0,821,low,active
BRW-0308,Boris Martinez,individual,natural_person,1978-09-20,TFN-0308-XXX,0,0,588,high,active
BRW-0309,Ling Parker,individual,natural_person,1981-12-17,TFN-0309-XXX,0,0,734,low,active
BRW-0310,Rosa Young,individual,natural_person,1966-11-11,TFN-0310-XXX,0,0,849,low,active
BRW-0311,Priya Stewart,individual,natural_person,1982-12-20,TFN-0311-XXX,0,0,765,low,active
BRW-0312,Lisa Murphy,individual,natural_person,1994-02-09,TFN-0312-XXX,0,0,589,high,active
BRW-0313,Dimitri Johnson,individual,natural_person,1995-03-05,TFN-0313-XXX,0,0,685,medium,active
BRW-0314,Lucy Walker,individual,natural_person,1967-01-03,TFN-0314-XXX,0,0,630,high,active
BRW-0315,Anita Wagner,individual,natural_person,1978-12-27,TFN-0315-XXX,0,0,727,low,active
BRW-0316,Rebecca Hall,individual,natural_person,2001-12-12,TFN-0316-XXX,0,0,831,low,active
BRW-0317,Katarina Sharma,individual,natural_person,1984-12-31,TFN-0317-XXX,0,0,719,medium,active
BRW-0318,Rosa Thomas,individual,natural_person,1970-12-14,TFN-0318-XXX,0,0,593,high,active
BRW-0319,Diana Zhou,individual,natural_person,1989-05-31,TFN-0319-XXX,0,0,834,low,active
BRW-0320,Khalid Klein,individual,natural_person,1982-12-28,TFN-0320-XXX,0,0,664,medium,active
BRW-0321,Priya Park,individual,natural_person,1991-09-17,TFN-0321-XXX,0,0,608,high,active
BRW-0322,Scott Li,individual,natural_person,1979-01-29,TFN-0322-XXX,0,0,705,medium,active
BRW-0323,Fatima Williams,individual,natural_person,1981-07-13,TFN-0323-XXX,0,0,779,low,active
BRW-0324,Mark Morris,individual,natural_person,1974-04-14,TFN-0324-XXX,0,0,834,low,active
BRW-0325,Lakshmi Evans,individual,natural_person,1974-12-06,TFN-0325-XXX,0,0,740,low,active
BRW-0326,Lisa Choi,individual,natural_person,1961-01-31,TFN-0326-XXX,0,0,847,low,active
BRW-0327,Michelle Adams,individual,natural_person,1994-03-18,TFN-0327-XXX,0,0,678,medium,active
BRW-0328,David Campbell,individual,natural_person,1984-12-03,TFN-0328-XXX,0,0,670,medium,active
BRW-0329,Lakshmi Martinez,individual,natural_person,1968-12-06,TFN-0329-XXX,0,0,848,low,active
BRW-0330,Celeste Liu,individual,natural_person,1988-03-14,TFN-0330-XXX,0,0,634,high,active
BRW-0331,Claudia Turner,individual,natural_person,2000-11-26,TFN-0331-XXX,0,0,597,high,active
BRW-0332,Ella Evans,individual,natural_person,1996-04-30,TFN-0332-XXX,0,0,732,low,active
BRW-0333,Lakshmi Thomas,individual,natural_person,1979-08-04,TFN-0333-XXX,0,0,747,low,active
BRW-0334,Kenji Schneider,individual,natural_person,1993-05-14,TFN-0334-XXX,0,0,668,medium,active
BRW-0335,Grant Walker,individual,natural_person,1965-03-02,TFN-0335-XXX,0,0,587,high,active
BRW-0336,Karen Allen,individual,natural_person,1975-03-16,TFN-0336-XXX,0,0,594,high,active
BRW-0337,Daniel Taylor,individual,natural_person,1980-04-30,TFN-0337-XXX,0,0,821,low,active
BRW-0338,Chiara Zhou,individual,natural_person,1993-02-15,TFN-0338-XXX,0,0,742,low,active
BRW-0339,Khalid O'Connor,individual,natural_person,1973-01-28,TFN-0339-XXX,0,0,676,medium,active
BRW-0340,Ingrid Khan,individual,natural_person,1984-10-15,TFN-0340-XXX,0,0,688,medium,active
BRW-0341,Anna Patel,individual,natural_person,1972-11-17,TFN-0341-XXX,0,0,717,medium,active
BRW-0342,Marcus Richter,individual,natural_person,1976-02-15,TFN-0342-XXX,0,0,590,high,active
BRW-0343,Simone Fitzgerald,individual,natural_person,1963-03-09,TFN-0343-XXX,0,0,763,low,active
BRW-0344,Omar Ryan,individual,natural_person,1987-11-28,TFN-0344-XXX,0,0,659,medium,active
BRW-0345,Sofia Evans,individual,natural_person,1986-09-25,TFN-0345-XXX,0,0,798,low,active
BRW-0346,Isabella Allen,individual,natural_person,1976-01-24,TFN-0346-XXX,0,0,622,high,active
BRW-0347,Lily Allen,individual,natural_person,1996-11-05,TFN-0347-XXX,0,0,712,medium,active
BRW-0348,Sophie Robinson,individual,natural_person,1993-01-08,TFN-0348-XXX,0,0,677,medium,active
BRW-0349,Angela Kumar,individual,natural_person,1971-01-11,TFN-0349-XXX,0,0,810,low,active
BRW-0350,Bao Yamamoto,individual,natural_person,1962-12-14,TFN-0350-XXX,0,0,829,low,active
BRW-0351,Min Suzuki,individual,natural_person,1979-08-18,TFN-0351-XXX,0,0,803,low,active
BRW-0352,Diana Singh,individual,natural_person,1991-11-15,TFN-0352-XXX,0,0,686,medium,active
BRW-0353,Simone Gupta,individual,natural_person,1999-02-02,TFN-0353-XXX,0,0,752,low,active
BRW-0354,Samuel Thompson,individual,natural_person,1962-11-09,TFN-0354-XXX,0,0,632,high,active
BRW-0355,Astrid Richter,individual,natural_person,2001-05-06,TFN-0355-XXX,0,0,822,low,active
BRW-0356,Emma Huang,individual,natural_person,1992-01-06,TFN-0356-XXX,0,0,844,low,active
BRW-0357,Katarina Hoffman,individual,natural_person,1981-06-26,TFN-0357-XXX,0,0,584,high,active
BRW-0358,Nicole Fischer,individual,natural_person,1993-09-24,TFN-0358-XXX,0,0,725,low,active
BRW-0359,Amelia Zhao,individual,natural_person,1982-10-21,TFN-0359-XXX,0,0,582,high,active
BRW-0360,Ava Klein,individual,natural_person,1978-08-21,TFN-0360-XXX,0,0,630,high,active
BRW-0361,Thanh Wang,individual,natural_person,1964-10-13,TFN-0361-XXX,0,0,845,low,active
BRW-0362,Deepak Nguyen,individual,natural_person,1994-11-05,TFN-0362-XXX,0,0,789,low,active
BRW-0363,Hiroshi Smith,individual,natural_person,1994-10-08,TFN-0363-XXX,0,0,758,low,active
BRW-0364,Sophie Suzuki,individual,natural_person,1962-07-29,TFN-0364-XXX,0,0,778,low,active
BRW-0365,Astrid Mueller,individual,natural_person,1982-10-15,TFN-0365-XXX,0,0,643,high,active
BRW-0366,Angela White,individual,natural_person,1967-11-07,TFN-0366-XXX,0,0,744,low,active
BRW-0367,Chloe Turner,individual,natural_person,1975-12-14,TFN-0367-XXX,0,0,666,medium,active
BRW-0368,Nathan Taylor,individual,natural_person,1989-05-03,TFN-0368-XXX,0,0,701,medium,active
BRW-0369,Maria Robinson,individual,natural_person,1982-10-18,TFN-0369-XXX,0,0,788,low,active
BRW-0370,Ruby Tanaka,individual,natural_person,1985-12-15,TFN-0370-XXX,0,0,774,low,active
BRW-0371,Monica Torres,individual,natural_person,1980-11-21,TFN-0371-XXX,0,0,713,medium,active
BRW-0372,James Watanabe,individual,natural_person,1971-01-03,TFN-0372-XXX,0,0,584,high,active
BRW-0373,Amelia Zhou,individual,natural_person,1978-04-09,TFN-0373-XXX,0,0,807,low,active
BRW-0374,Elena Chen,individual,natural_person,1994-05-23,TFN-0374-XXX,0,0,836,low,active
BRW-0375,Anil Baker,individual,natural_person,1968-05-20,TFN-0375-XXX,0,0,678,medium,active
BRW-0376,Anita Morris,individual,natural_person,1968-01-23,TFN-0376-XXX,0,0,694,medium,active
BRW-0377,Owen Murphy,individual,natural_person,1974-02-08,TFN-0377-XXX,0,0,707,medium,active
BRW-0378,Marco Suzuki,individual,natural_person,1973-02-18,TFN-0378-XXX,0,0,808,low,active
BRW-0379,Ryan Suzuki,individual,natural_person,1975-04-30,TFN-0379-XXX,0,0,585,high,active
BRW-0380,Bao Hill,individual,natural_person,1979-08-04,TFN-0380-XXX,0,0,826,low,active
BRW-0381,Mei Yamamoto,individual,natural_person,1992-01-30,TFN-0381-XXX,0,0,701,medium,active
BRW-0382,Helen Tanaka,individual,natural_person,1980-10-23,TFN-0382-XXX,0,0,751,low,active
BRW-0383,James Morris,individual,natural_person,2001-02-07,TFN-0383-XXX,0,0,763,low,active
BRW-0384,Owen Campbell,individual,natural_person,1990-06-23,TFN-0384-XXX,0,0,705,medium,active
BRW-0385,Chiara Schmidt,individual,natural_person,1997-03-02,TFN-0385-XXX,0,0,653,medium,active
BRW-0386,Ruby Robinson,individual,natural_person,1969-10-27,TFN-0386-XXX,0,0,830,low,active
BRW-0387,Rebecca Sharma,individual,natural_person,1968-08-25,TFN-0387-XXX,0,0,671,medium,active
BRW-0388,Celeste Nguyen,individual,natural_person,1985-10-09,TFN-0388-XXX,0,0,623,high,active
BRW-0389,Chen Baker,individual,natural_person,1985-11-27,TFN-0389-XXX,0,0,618,high,active
BRW-0390,Ravi King,individual,natural_person,1980-04-10,TFN-0390-XXX,0,0,748,low,active
BRW-0391,Freya Lewis,individual,natural_person,1976-04-26,TFN-0391-XXX,0,0,696,medium,active
BRW-0392,Deepak Brown,individual,natural_person,1978-03-13,TFN-0392-XXX,0,0,645,high,active
BRW-0393,Valentina Ali,individual,natural_person,1982-06-16,TFN-0393-XXX,0,0,591,high,active
BRW-0394,Isabella Jones,individual,natural_person,1963-09-08,TFN-0394-XXX,0,0,593,high,active
BRW-0395,Kai Zhang,individual,natural_person,1971-02-05,TFN-0395-XXX,0,0,779,low,active
BRW-0396,Sofia Wu,individual,natural_person,1984-04-13,TFN-0396-XXX,0,0,583,high,active
BRW-0397,Monica Hall,individual,natural_person,1975-05-08,TFN-0397-XXX,0,0,671,medium,active
BRW-0398,Grant Jackson,individual,natural_person,1995-09-16,TFN-0398-XXX,0,0,746,low,active
BRW-0399,Aaron Parker,individual,natural_person,1972-09-05,TFN-0399-XXX,0,0,816,low,active
BRW-0400,Ryan Hall,individual,natural_person,1983-03-05,TFN-0400-XXX,0,0,780,low,active
BRW-0401,Cameron Richter,individual,natural_person,1989-05-08,TFN-0401-XXX,0,0,771,low,active
BRW-0402,Nadia Wright,individual,natural_person,1967-07-22,TFN-0402-XXX,0,0,799,low,active
BRW-0403,Mark Richter,individual,natural_person,1963-09-13,TFN-0403-XXX,0,0,632,high,active
BRW-0404,Sofia Richter,individual,natural_person,1993-06-20,TFN-0404-XXX,0,0,669,medium,active
BRW-0405,Simone Martinez,individual,natural_person,1982-05-02,TFN-0405-XXX,0,0,799,low,active
BRW-0406,Angela Schneider,individual,natural_person,1980-03-09,TFN-0406-XXX,0,0,722,low,active
BRW-0407,Mei Parker,individual,natural_person,1990-08-15,TFN-0407-XXX,0,0,583,high,active
BRW-0408,Jun Hall,individual,natural_person,1963-05-08,TFN-0408-XXX,0,0,735,low,active
BRW-0409,Jun Gupta,individual,natural_person,1962-08-10,TFN-0409-XXX,0,0,659,medium,active
BRW-0410,Tariq King,individual,natural_person,1992-04-07,TFN-0410-XXX,0,0,582,high,active
BRW-0411,Fatima Jackson,individual,natural_person,1975-01-20,TFN-0411-XXX,0,0,643,high,active
BRW-0412,Emma Walsh,individual,natural_person,1992-05-13,TFN-0412-XXX,0,0,813,low,active
BRW-0413,Lakshmi Ali,individual,natural_person,1977-10-28,TFN-0413-XXX,0,0,737,low,active
BRW-0414,Hiroshi Smith,individual,natural_person,1995-02-05,TFN-0414-XXX,0,0,793,low,active
BRW-0415,Angela Choi,individual,natural_person,1988-04-05,TFN-0415-XXX,0,0,682,medium,active
BRW-0416,Charlotte Johnson,individual,natural_person,1998-05-17,TFN-0416-XXX,0,0,583,high,active
BRW-0417,Ross Kelly,individual,natural_person,1976-07-12,TFN-0417-XXX,0,0,609,high,active
BRW-0418,Logan Smith,individual,natural_person,1961-06-14,TFN-0418-XXX,0,0,588,high,active
BRW-0419,Duc Jung,individual,natural_person,1969-01-17,TFN-0419-XXX,0,0,645,high,active
BRW-0420,Emma Lee,individual,natural_person,1981-07-16,TFN-0420-XXX,0,0,723,low,active
BRW-0421,Owen Jung,individual,natural_person,1963-02-03,TFN-0421-XXX,0,0,755,low,active
BRW-0422,James Turner,individual,natural_person,1998-10-30,TFN-0422-XXX,0,0,677,medium,active
BRW-0423,Chloe Hoffman,individual,natural_person,1999-11-03,TFN-0423-XXX,0,0,743,low,active
BRW-0424,Hiroshi Weber,individual,natural_person,1976-06-02,TFN-0424-XXX,0,0,661,medium,active
BRW-0425,Mark Wu,individual,natural_person,1991-10-23,TFN-0425-XXX,0,0,650,medium,active
BRW-0426,Charlotte Flores,individual,natural_person,1971-04-02,TFN-0426-XXX,0,0,606,high,active
BRW-0427,Ahmad Huang,individual,natural_person,1978-01-06,TFN-0427-XXX,0,0,641,high,active
BRW-0428,Kevin Thomas,individual,natural_person,1967-04-05,TFN-0428-XXX,0,0,787,low,active
BRW-0429,Maria Martinez,individual,natural_person,1988-12-03,TFN-0429-XXX,0,0,640,high,active
BRW-0430,Lisa Sullivan,individual,natural_person,2001-05-08,TFN-0430-XXX,0,0,733,low,active
BRW-0431,Mark Scott,individual,natural_person,1993-11-05,TFN-0431-XXX,0,0,690,medium,active
BRW-0432,Peter Ryan,individual,natural_person,1974-12-22,TFN-0432-XXX,0,0,653,medium,active
BRW-0433,Kai Garcia,individual,natural_person,1966-07-28,TFN-0433-XXX,0,0,613,high,active
BRW-0434,Suresh Carter,individual,natural_person,1966-05-19,TFN-0434-XXX,0,0,630,high,active
BRW-0435,Ibrahim Nguyen,individual,natural_person,1986-12-14,TFN-0435-XXX,0,0,794,low,active
BRW-0436,Joshua Walker,individual,natural_person,1965-01-30,TFN-0436-XXX,0,0,623,high,active
BRW-0437,Natasha Liu,individual,natural_person,1967-06-26,TFN-0437-XXX,0,0,705,medium,active
BRW-0438,Lucia Richter,individual,natural_person,1994-05-29,TFN-0438-XXX,0,0,733,low,active
BRW-0439,Mason Wang,individual,natural_person,1979-01-05,TFN-0439-XXX,0,0,631,high,active
BRW-0440,Chen Lee,individual,natural_person,1993-07-01,TFN-0440-XXX,0,0,802,low,active
BRW-0441,Mia Kelly,individual,natural_person,1989-09-03,TFN-0441-XXX,0,0,716,medium,active
BRW-0442,Coolamon Nexus Pty Ltd,corporate,proprietary_company,2020-03-19,ABN-0442-XXX,11980346,112,0,medium,active
BRW-0443,Simon Walsh,individual,natural_person,1986-12-08,TFN-0443-XXX,0,0,799,low,active
BRW-0444,Thomas Murphy,individual,natural_person,1975-09-26,TFN-0444-XXX,0,0,736,low,active
BRW-0445,Khalid Hoffman,individual,natural_person,1981-04-19,TFN-0445-XXX,0,0,726,low,active
BRW-0446,Sanjay Richter,individual,natural_person,1993-06-19,TFN-0446-XXX,0,0,764,low,active
BRW-0447,Yusuf Martin,individual,natural_person,1997-10-07,TFN-0447-XXX,0,0,755,low,active
BRW-0448,Sung Williams,individual,natural_person,1991-11-03,TFN-0448-XXX,0,0,720,low,active
BRW-0449,Olivia Walker,individual,natural_person,1973-09-18,TFN-0449-XXX,0,0,776,low,active
BRW-0450,Mia Green,individual,natural_person,1999-10-01,TFN-0450-XXX,0,0,701,medium,active
BRW-0451,Yuki Campbell,individual,natural_person,1993-07-29,TFN-0451-XXX,0,0,730,low,active
BRW-0452,Bianca Klein,individual,natural_person,1964-02-24,TFN-0452-XXX,0,0,775,low,active
BRW-0453,Min Allen,individual,natural_person,1972-04-04,TFN-0453-XXX,0,0,670,medium,active
BRW-0454,Ava Thomas,individual,natural_person,1992-02-06,TFN-0454-XXX,0,0,798,low,active
BRW-0455,Jack O'Brien,individual,natural_person,1963-01-07,TFN-0455-XXX,0,0,584,high,active
BRW-0456,Alice Collins,individual,natural_person,1971-03-21,TFN-0456-XXX,0,0,704,medium,active
BRW-0457,Hannah Fitzgerald,individual,natural_person,1977-12-18,TFN-0457-XXX,0,0,637,high,active
BRW-0458,Aisha Lewis,individual,natural_person,1990-08-08,TFN-0458-XXX,0,0,751,low,active
BRW-0459,Priya Thomas,individual,natural_person,1994-10-23,TFN-0459-XXX,0,0,798,low,active
BRW-0460,Claudia Baker,individual,natural_person,1977-02-12,TFN-0460-XXX,0,0,795,low,active
BRW-0461,Grace Phillips,individual,natural_person,1972-03-14,TFN-0461-XXX,0,0,795,low,active
BRW-0462,Christopher Nelson,individual,natural_person,1997-01-07,TFN-0462-XXX,0,0,793,low,active
BRW-0463,Mohammed Murphy,individual,natural_person,2001-05-27,TFN-0463-XXX,0,0,636,high,active
BRW-0464,Mei Murphy,individual,natural_person,1993-04-19,TFN-0464-XXX,0,0,785,low,active
BRW-0465,Antonio Klein,individual,natural_person,1980-01-15,TFN-0465-XXX,0,0,702,medium,active
BRW-0466,Paul Johnson,individual,natural_person,1979-05-25,TFN-0466-XXX,0,0,783,low,active
BRW-0467,Lakshmi Klein,individual,natural_person,1992-01-13,TFN-0467-XXX,0,0,775,low,active
BRW-0468,Lisa Wilson,individual,natural_person,1977-05-03,TFN-0468-XXX,0,0,686,medium,active
BRW-0469,Jennifer Harris,individual,natural_person,1997-04-02,TFN-0469-XXX,0,0,815,low,active
BRW-0470,Arjun Suzuki,individual,natural_person,1993-08-14,TFN-0470-XXX,0,0,767,low,active
BRW-0471,Cameron Lee,individual,natural_person,1965-07-24,TFN-0471-XXX,0,0,617,high,active
BRW-0472,Benjamin Chen,individual,natural_person,1974-04-13,TFN-0472-XXX,0,0,785,low,active
BRW-0473,Diana Yang,individual,natural_person,1971-04-20,TFN-0473-XXX,0,0,607,high,active
BRW-0474,Angela Zhang,individual,natural_person,1968-04-19,TFN-0474-XXX,0,0,712,medium,active
BRW-0475,Dimitri Kang,individual,natural_person,1962-03-16,TFN-0475-XXX,0,0,745,low,active
BRW-0476,Ava Zhang,individual,natural_person,1967-03-27,TFN-0476-XXX,0,0,773,low,active
BRW-0477,Vertex Ironbark Pty Ltd,corporate,proprietary_company,2020-09-07,ABN-0477-XXX,17248045,169,0,medium,active
BRW-0478,Mia Rahman,individual,natural_person,1974-07-15,TFN-0478-XXX,0,0,725,low,active
BRW-0479,Lucia Zhang,individual,natural_person,1988-04-24,TFN-0479-XXX,0,0,812,low,active
BRW-0480,Wei Jones,individual,natural_person,2001-01-14,TFN-0480-XXX,0,0,658,medium,active
BRW-0481,Katarina Hall,individual,natural_person,1976-06-11,TFN-0481-XXX,0,0,844,low,active
BRW-0482,Rosa Kim,individual,natural_person,1991-06-15,TFN-0482-XXX,0,0,684,medium,active
BRW-0483,Hannah Evans,individual,natural_person,1989-10-02,TFN-0483-XXX,0,0,705,medium,active
BRW-0484,Marco Martinez,individual,natural_person,1995-03-14,TFN-0484-XXX,0,0,724,low,active
BRW-0485,Anil O'Brien,individual,natural_person,1963-01-17,TFN-0485-XXX,0,0,640,high,active
BRW-0486,Owen White,individual,natural_person,1993-05-18,TFN-0486-XXX,0,0,720,low,active
BRW-0487,Fatima Turner,individual,natural_person,1991-04-16,TFN-0487-XXX,0,0,829,low,active
BRW-0488,Hassan Thomas,individual,natural_person,1973-03-27,TFN-0488-XXX,0,0,597,high,active
BRW-0489,Michael Schmidt,individual,natural_person,1980-04-19,TFN-0489-XXX,0,0,818,low,active
BRW-0490,Thomas Sharma,individual,natural_person,1970-01-24,TFN-0490-XXX,0,0,720,low,active
BRW-0491,Amber Harbour Investments Pty Ltd,corporate,proprietary_company,2021-03-22,ABN-0491-XXX,10599826,73,0,medium,active
BRW-0492,Marie Martinez,individual,natural_person,1978-11-13,TFN-0492-XXX,0,0,632,high,active
BRW-0493,Amelia Taylor,individual,natural_person,1982-02-08,TFN-0493-XXX,0,0,715,medium,active
BRW-0494,Prasad Li,individual,natural_person,1961-08-17,TFN-0494-XXX,0,0,642,high,active
BRW-0495,Dimitri Scott,individual,natural_person,1972-07-16,TFN-0495-XXX,0,0,676,medium,active
BRW-0496,Ava Thomas,individual,natural_person,1984-08-04,TFN-0496-XXX,0,0,664,medium,active
BRW-0497,Sebastian Lewis,individual,natural_person,1976-09-14,TFN-0497-XXX,0,0,800,low,active
BRW-0498,Adrian Garcia,individual,natural_person,1987-02-28,TFN-0498-XXX,0,0,607,high,active
BRW-0499,Boris Mitchell,individual,natural_person,1970-04-16,TFN-0499-XXX,0,0,667,medium,active
BRW-0500,Lisa Collins,individual,natural_person,2000-03-31,TFN-0500-XXX,0,0,715,medium,active
BRW-0501,Mark Schneider,individual,natural_person,1980-08-19,TFN-0501-XXX,0,0,831,low,active
BRW-0502,Katarina O'Connor,individual,natural_person,2000-03-16,TFN-0502-XXX,0,0,790,low,active
BRW-0503,Joshua Young,individual,natural_person,1977-11-24,TFN-0503-XXX,0,0,635,high,active
BRW-0504,Diana Stewart,individual,natural_person,1983-02-26,TFN-0504-XXX,0,0,584,high,active
BRW-0505,Scott Sullivan,individual,natural_person,2001-01-26,TFN-0505-XXX,0,0,708,medium,active
BRW-0506,Vikram Martin,individual,natural_person,1985-06-04,TFN-0506-XXX,0,0,739,low,active
BRW-0507,Aaron Hassan,individual,natural_person,1973-12-22,TFN-0507-XXX,0,0,740,low,active
BRW-0508,Chiara Phillips,individual,natural_person,1998-07-21,TFN-0508-XXX,0,0,644,high,active
BRW-0509,Lakshmi Schneider,individual,natural_person,1998-12-26,TFN-0509-XXX,0,0,684,medium,active
BRW-0510,Amelia Ahmed,individual,natural_person,1995-05-07,TFN-0510-XXX,0,0,684,medium,active
BRW-0511,Ravi Campbell,individual,natural_person,1962-12-15,TFN-0511-XXX,0,0,804,low,active
BRW-0512,Ivan Thompson,individual,natural_person,1972-08-01,TFN-0512-XXX,0,0,797,low,active
BRW-0513,Sung Gupta,individual,natural_person,1988-06-27,TFN-0513-XXX,0,0,848,low,active
BRW-0514,Celeste Gupta,individual,natural_person,1968-05-12,TFN-0514-XXX,0,0,646,high,active
BRW-0515,Karen Thomas,individual,natural_person,1998-11-10,TFN-0515-XXX,0,0,708,medium,active
BRW-0516,Nikolai Carter,individual,natural_person,1987-04-14,TFN-0516-XXX,0,0,662,medium,active
BRW-0517,James Morris,individual,natural_person,1975-10-18,TFN-0517-XXX,0,0,616,high,active
BRW-0518,Grace Ahmed,individual,natural_person,1982-02-21,TFN-0518-XXX,0,0,640,high,active
BRW-0519,Tariq Campbell,individual,natural_person,2000-01-17,TFN-0519-XXX,0,0,753,low,active
BRW-0520,Charlotte Jones,individual,natural_person,1970-09-17,TFN-0520-XXX,0,0,695,medium,active
BRW-0521,Aaron Garcia,individual,natural_person,1973-03-02,TFN-0521-XXX,0,0,768,low,active
BRW-0522,Mason Carter,individual,natural_person,1999-06-10,TFN-0522-XXX,0,0,759,low,active
BRW-0523,Lily Sharma,individual,natural_person,1979-04-23,TFN-0523-XXX,0,0,807,low,active
BRW-0524,Aaron Ahmed,individual,natural_person,1987-06-06,TFN-0524-XXX,0,0,687,medium,active
BRW-0525,Robert Mitchell,individual,natural_person,1984-10-28,TFN-0525-XXX,0,0,776,low,active
BRW-0526,Celeste Brown,individual,natural_person,1963-06-22,TFN-0526-XXX,0,0,714,medium,active
BRW-0527,Benjamin Kim,individual,natural_person,1977-12-14,TFN-0527-XXX,0,0,727,low,active
BRW-0528,Jessica Nakamura,individual,natural_person,1984-07-04,TFN-0528-XXX,0,0,717,medium,active
BRW-0529,Lily Li,individual,natural_person,1998-10-24,TFN-0529-XXX,0,0,620,high,active
BRW-0530,Sergei Gupta,individual,natural_person,1973-10-24,TFN-0530-XXX,0,0,742,low,active
BRW-0531,Marcus Stewart,individual,natural_person,1995-02-09,TFN-0531-XXX,0,0,839,low,active
BRW-0532,Lucy Suzuki,individual,natural_person,2000-03-23,TFN-0532-XXX,0,0,768,low,active
BRW-0533,Olivia Green,individual,natural_person,1965-09-15,TFN-0533-XXX,0,0,794,low,active
BRW-0534,Arjun Morris,individual,natural_person,1996-06-29,TFN-0534-XXX,0,0,838,low,active
BRW-0535,Sakura Sharma,individual,natural_person,1961-04-12,TFN-0535-XXX,0,0,672,medium,active
BRW-0536,Natasha Phillips,individual,natural_person,1994-06-22,TFN-0536-XXX,0,0,752,low,active
BRW-0537,Carlo Nguyen,individual,natural_person,1972-07-13,TFN-0537-XXX,0,0,744,low,active
BRW-0538,Fatima Khan,individual,natural_person,1974-05-27,TFN-0538-XXX,0,0,745,low,active
BRW-0539,Aisha Becker,individual,natural_person,1995-04-29,TFN-0539-XXX,0,0,722,low,active
BRW-0540,Lisa Weber,individual,natural_person,1973-09-24,TFN-0540-XXX,0,0,644,high,active
BRW-0541,Patrick Weber,individual,natural_person,1994-07-01,TFN-0541-XXX,0,0,620,high,active
BRW-0542,Anna O'Brien,individual,natural_person,1999-11-21,TFN-0542-XXX,0,0,584,high,active
BRW-0543,Deepak Nakamura,individual,natural_person,1988-12-29,TFN-0543-XXX,0,0,671,medium,active
BRW-0544,Rosa Baker,individual,natural_person,1983-12-09,TFN-0544-XXX,0,0,828,low,active
BRW-0545,Luke Klein,individual,natural_person,1971-09-08,TFN-0545-XXX,0,0,790,low,active
BRW-0546,Yusuf Li,individual,natural_person,1987-10-21,TFN-0546-XXX,0,0,665,medium,active
BRW-0547,Oliver Ali,individual,natural_person,1976-04-27,TFN-0547-XXX,0,0,728,low,active
BRW-0548,Claudia Murphy,individual,natural_person,1976-03-08,TFN-0548-XXX,0,0,718,medium,active
BRW-0549,Carlo Chen,individual,natural_person,1989-11-07,TFN-0549-XXX,0,0,739,low,active
BRW-0550,William Sharma,individual,natural_person,1976-07-09,TFN-0550-XXX,0,0,635,high,active
BRW-0551,Sophie Rodriguez,individual,natural_person,1976-11-11,TFN-0551-XXX,0,0,822,low,active
BRW-0552,Deepak Kumar,individual,natural_person,1967-09-13,TFN-0552-XXX,0,0,740,low,active
BRW-0553,Duc Hoffman,individual,natural_person,1994-03-27,TFN-0553-XXX,0,0,681,medium,active
BRW-0554,Chloe Phillips,individual,natural_person,1968-12-16,TFN-0554-XXX,0,0,684,medium,active
BRW-0555,Rachel Martin,individual,natural_person,1998-11-16,TFN-0555-XXX,0,0,819,low,active
BRW-0556,Sebastian Roberts,individual,natural_person,1990-05-15,TFN-0556-XXX,0,0,632,high,active
BRW-0557,Nadia Kelly,individual,natural_person,1971-04-18,TFN-0557-XXX,0,0,666,medium,active
BRW-0558,Nicole Klein,individual,natural_person,1977-12-28,TFN-0558-XXX,0,0,822,low,active
BRW-0559,David Morris,individual,natural_person,1972-12-09,TFN-0559-XXX,0,0,757,low,active
BRW-0560,Horizon Atlas Group Pty Ltd,corporate,proprietary_company,2019-05-24,ABN-0560-XXX,16563676,104,0,medium,active
BRW-0561,Mohammed Becker,individual,natural_person,1967-02-23,TFN-0561-XXX,0,0,599,high,active
BRW-0562,Ingrid Williams,individual,natural_person,1980-12-10,TFN-0562-XXX,0,0,742,low,active
BRW-0563,Rosa Smith,individual,natural_person,1982-05-21,TFN-0563-XXX,0,0,759,low,active
BRW-0564,Simone Young,individual,natural_person,1982-01-28,TFN-0564-XXX,0,0,653,medium,active
BRW-0565,Hiroshi Flores,individual,natural_person,1978-06-28,TFN-0565-XXX,0,0,768,low,active
BRW-0566,Sergei Carter,individual,natural_person,1980-12-24,TFN-0566-XXX,0,0,673,medium,active
BRW-0567,Omar Yamamoto,individual,natural_person,1978-10-16,TFN-0567-XXX,0,0,702,medium,active
BRW-0568,Alice Lee,individual,natural_person,1967-04-06,TFN-0568-XXX,0,0,739,low,active
BRW-0569,Freya Gupta,individual,natural_person,1975-08-07,TFN-0569-XXX,0,0,647,medium,active
BRW-0570,Alice Richter,individual,natural_person,1979-08-23,TFN-0570-XXX,0,0,656,medium,active
BRW-0571,Chloe Fitzgerald,individual,natural_person,1978-01-03,TFN-0571-XXX,0,0,762,low,active
BRW-0572,Charlotte Rivera,individual,natural_person,1981-03-10,TFN-0572-XXX,0,0,652,medium,active
BRW-0573,Antonio Hall,individual,natural_person,1978-07-05,TFN-0573-XXX,0,0,680,medium,active
BRW-0574,Mitchell Ryan,individual,natural_person,1999-05-14,TFN-0574-XXX,0,0,743,low,active
BRW-0575,Luke Jung,individual,natural_person,1977-12-18,TFN-0575-XXX,0,0,749,low,active
BRW-0576,Natasha Collins,individual,natural_person,1978-02-27,TFN-0576-XXX,0,0,756,low,active
BRW-0577,Omar Carter,individual,natural_person,1994-09-08,TFN-0577-XXX,0,0,630,medium,active
BRW-0578,Robert Tanaka,individual,natural_person,1994-07-02,TFN-0578-XXX,0,0,598,high,active
BRW-0579,Atlas Meridian Pty Ltd,corporate,proprietary_company,2012-04-29,ABN-0579-XXX,13008935,12,0,medium,active
BRW-0580,Ironbark Holdings Pty Ltd,corporate,proprietary_company,2021-04-09,ABN-0580-XXX,3142910,89,0,medium,active
BRW-0581,Boronia Asia Ltd,corporate,foreign_company,2020-08-30,FRN-0581-XXX,1657523,1,0,medium,active
BRW-0582,Sakura Campbell,individual,natural_person,1967-09-21,FRN-0582-XXX,0,0,0,high,active
BRW-0583,Dimitri Wilson,individual,natural_person,1963-07-24,TFN-0583-XXX,0,0,672,medium,active
BRW-0584,Meridian Jarrah Pty Ltd,corporate,proprietary_company,2011-06-16,ABN-0584-XXX,24933128,185,0,medium,active
BRW-0585,Banksia Holdings Pty Ltd,corporate,proprietary_company,2013-09-23,ABN-0585-XXX,16458584,145,0,medium,active
BRW-0586,Amber Asia Ltd,corporate,foreign_company,2018-03-08,FRN-0586-XXX,1216188,2,0,medium,active
BRW-0587,Khalid Jung,individual,natural_person,1966-09-07,FRN-0587-XXX,0,0,0,high,active
BRW-0588,Leo Kang,individual,natural_person,1991-11-16,TFN-0588-XXX,0,0,760,low,active
BRW-0589,Sebastian Garcia,individual,natural_person,1965-05-29,TFN-0589-XXX,0,0,671,medium,active
BRW-0590,Ling Chen,individual,natural_person,1987-07-26,TFN-0590-XXX,0,0,833,low,active
BRW-0591,Karen Young,individual,natural_person,1961-01-15,TFN-0591-XXX,0,0,694,medium,active
BRW-0592,Bianca Young,individual,natural_person,1991-08-23,TFN-0592-XXX,0,0,768,low,active
BRW-0593,Lakshmi O'Neill,individual,natural_person,1994-11-06,TFN-0593-XXX,0,0,749,low,active
BRW-0594,Aisha O'Neill,individual,natural_person,1967-01-13,TFN-0594-XXX,0,0,804,low,active
BRW-0595,Rebecca Li,individual,natural_person,1980-03-13,TFN-0595-XXX,0,0,704,medium,active
BRW-0596,Freya Clark,individual,natural_person,1992-09-24,TFN-0596-XXX,0,0,727,low,active
BRW-0597,Coastal Jarrah Group Pty Ltd,corporate,proprietary_company,2013-08-14,ABN-0597-XXX,9133748,166,0,medium,active
BRW-0598,Ross Fischer,individual,natural_person,1959-09-22,TFN-0598-XXX,0,0,0,medium,active
BRW-0599,Jennifer O'Neill,individual,natural_person,1992-10-27,TFN-0599-XXX,0,0,836,low,active
BRW-0600,Coastal Horizon Enterprises Pty Ltd,corporate,proprietary_company,2022-06-14,ABN-0600-XXX,24953188,33,0,medium,active
BRW-0601,Rosa Hoffman,individual,natural_person,1958-04-27,TFN-0601-XXX,0,0,0,medium,active
BRW-0602,Hassan Martin,individual,natural_person,1980-09-16,TFN-0602-XXX,0,0,614,high,active
BRW-0603,Carlo Scott,individual,natural_person,1963-09-07,TFN-0603-XXX,0,0,733,low,active
BRW-0604,Benjamin Wagner,individual,natural_person,1987-04-20,TFN-0604-XXX,0,0,737,low,active
BRW-0605,Emma Parker,individual,natural_person,1974-07-15,TFN-0605-XXX,0,0,746,low,active
BRW-0606,Aaron Hoffman,individual,natural_person,1997-06-16,TFN-0606-XXX,0,0,791,low,active
BRW-0607,Hiroshi Taylor,individual,natural_person,1968-01-31,TFN-0607-XXX,0,0,842,low,active
BRW-0608,Banksia Summit Enterprises Pty Ltd,corporate,proprietary_company,2006-12-20,ABN-0608-XXX,19757735,122,0,medium,active
BRW-0609,Liam McCarthy,individual,natural_person,1980-02-07,TFN-0609-XXX,0,0,673,medium,active
BRW-0610,Waratah Coolamon Group Pty Ltd,corporate,proprietary_company,2016-12-10,ABN-0610-XXX,15859652,170,0,medium,active
BRW-0611,Lily Turner,individual,natural_person,1990-02-21,TFN-0611-XXX,0,0,593,high,active
BRW-0612,Pacific Coastal Investments Pty Ltd,corporate,proprietary_company,2007-10-06,ABN-0612-XXX,13086735,9,0,medium,active
BRW-0613,Henry Richter,individual,natural_person,1977-10-30,TFN-0613-XXX,0,0,643,high,active
BRW-0614,Amber Horizon Enterprises Pty Ltd,corporate,proprietary_company,2007-07-07,ABN-0614-XXX,15832823,7,0,medium,active
BRW-0615,Sophie McCarthy,individual,natural_person,1977-08-30,TFN-0615-XXX,0,0,588,high,active
BRW-0616,Zenith Jarrah Investments Pty Ltd,corporate,proprietary_company,2008-07-14,ABN-0616-XXX,14567331,47,0,medium,active
BRW-0617,Amelia Lee,individual,natural_person,2000-09-11,TFN-0617-XXX,0,0,684,medium,active
BRW-0618,Jarrah Boronia Enterprises Pty Ltd,corporate,proprietary_company,2008-10-22,ABN-0618-XXX,5807391,28,0,medium,active
BRW-0619,Lucia Ali,individual,natural_person,1973-03-10,TFN-0619-XXX,0,0,580,high,active
BRW-0620,Coastal Nexus Enterprises Pty Ltd,corporate,proprietary_company,2007-11-30,ABN-0620-XXX,5284712,60,0,medium,active
BRW-0621,Mason Weber,individual,natural_person,1982-06-18,TFN-0621-XXX,0,0,816,low,active
BRW-0622,Coastal Karri Pty Ltd,corporate,proprietary_company,2022-10-29,ABN-0622-XXX,8480228,44,0,medium,active
BRW-0623,Karri Waratah Investments Pty Ltd,corporate,proprietary_company,2025-12-02,ABN-0623-XXX,43717,1,0,medium,active
BRW-0624,Zenith Entertainment Group Ltd,corporate,public_company,2017-05-23,ABN-0624-XXX,7387941,16,0,high,active
BRW-0625,Ali Garcia,individual,natural_person,1983-10-09,TFN-0625-XXX,0,0,0,high,active
BRW-0626,Vertex Sapphire Investments Pty Ltd,corporate,proprietary_company,2025-03-14,ABN-0626-XXX,24539,1,0,medium,active
BRW-0627,Summit Entertainment Group Ltd,corporate,public_company,2017-02-05,ABN-0627-XXX,3331689,21,0,high,active
BRW-0628,Nadia Green,individual,natural_person,1982-10-04,TFN-0628-XXX,0,0,0,high,active
