borrower_id,jurisdiction_id,residency_type,tax_id
BRW-0001,JUR-AU-FED,tax_resident,TFN-0001-XXX
BRW-0002,JUR-AU-FED,tax_resident,TFN-0002-XXX
BRW-0003,JUR-AU-FED,tax_resident,TFN-0003-XXX
BRW-0004,JUR-AU-FED,tax_resident,TFN-0004-XXX
BRW-0005,JUR-AU-FED,tax_resident,TFN-0005-XXX
BRW-0006,JUR-AU-FED,tax_resident,TFN-0006-XXX
BRW-0007,JUR-AU-FED,tax_resident,TFN-0007-XXX
BRW-0008,JUR-AU-FED,tax_resident,TFN-0008-XXX
BRW-0009,JUR-AU-FED,tax_resident,TFN-0009-XXX
BRW-0010,JUR-AU-FED,tax_resident,TFN-0010-XXX
BRW-0011,JUR-AU-FED,tax_resident,TFN-0011-XXX
BRW-0012,JUR-AU-FED,tax_resident,TFN-0012-XXX
BRW-0013,JUR-AU-FED,tax_resident,TFN-0013-XXX
BRW-0014,JUR-AU-FED,tax_resident,TFN-0014-XXX
BRW-0015,JUR-AU-FED,tax_resident,TFN-0015-XXX
BRW-0016,JUR-AU-FED,tax_resident,TFN-0016-XXX
BRW-0018,JUR-AU-FED,tax_resident,TFN-0018-XXX
BRW-0019,JUR-AU-FED,tax_resident,TFN-0019-XXX
BRW-0020,JUR-AU-FED,tax_resident,TFN-0020-XXX
BRW-0021,JUR-AU-FED,tax_resident,TFN-0021-XXX
BRW-0022,JUR-AU-FED,tax_resident,TFN-0022-XXX
BRW-0023,JUR-AU-FED,tax_resident,TFN-0023-XXX
BRW-0024,JUR-AU-FED,tax_resident,TFN-0024-XXX
BRW-0025,JUR-AU-FED,tax_resident,TFN-0025-XXX
BRW-0026,JUR-AU-FED,tax_resident,TFN-0026-XXX
BRW-0027,JUR-AU-FED,tax_resident,TFN-0027-XXX
BRW-0028,JUR-AU-FED,tax_resident,TFN-0028-XXX
BRW-0029,JUR-AU-FED,tax_resident,TFN-0029-XXX
BRW-0030,JUR-AU-FED,tax_resident,TFN-0030-XXX
BRW-0031,JUR-AU-FED,tax_resident,TFN-0031-XXX
BRW-0032,JUR-AU-FED,tax_resident,TFN-0032-XXX
BRW-0033,JUR-AU-FED,tax_resident,TFN-0033-XXX
BRW-0034,JUR-AU-FED,tax_resident,TFN-0034-XXX
BRW-0035,JUR-AU-FED,tax_resident,TFN-0035-XXX
BRW-0036,JUR-AU-FED,tax_resident,TFN-0036-XXX
BRW-0037,JUR-AU-FED,tax_resident,TFN-0037-XXX
BRW-0038,JUR-AU-FED,tax_resident,TFN-0038-XXX
BRW-0039,JUR-AU-FED,tax_resident,TFN-0039-XXX
BRW-0040,JUR-AU-FED,tax_resident,TFN-0040-XXX
BRW-0041,JUR-AU-FED,tax_resident,TFN-0041-XXX
BRW-0042,JUR-AU-FED,tax_resident,TFN-0042-XXX
BRW-0043,JUR-AU-FED,tax_resident,TFN-0043-XXX
BRW-0044,JUR-AU-FED,tax_resident,TFN-0044-XXX
BRW-0045,JUR-AU-FED,tax_resident,TFN-0045-XXX
BRW-0046,JUR-AU-FED,tax_resident,TFN-0046-XXX
BRW-0047,JUR-AU-FED,tax_resident,TFN-0047-XXX
BRW-0048,JUR-AU-FED,tax_resident,TFN-0048-XXX
BRW-0049,JUR-AU-FED,tax_resident,TFN-0049-XXX
BRW-0050,JUR-AU-FED,tax_resident,TFN-0050-XXX
BRW-0051,JUR-AU-FED,tax_resident,TFN-0051-XXX
BRW-0052,JUR-AU-FED,tax_resident,TFN-0052-XXX
BRW-0053,JUR-AU-FED,tax_resident,TFN-0053-XXX
BRW-0054,JUR-AU-FED,tax_resident,TFN-0054-XXX
BRW-0055,JUR-AU-FED,tax_resident,TFN-0055-XXX
BRW-0056,JUR-AU-FED,tax_resident,TFN-0056-XXX
BRW-0057,JUR-AU-FED,tax_resident,TFN-0057-XXX
BRW-0058,JUR-AU-FED,tax_resident,TFN-0058-XXX
BRW-0059,JUR-AU-FED,tax_resident,TFN-0059-XXX
BRW-0060,JUR-AU-FED,tax_resident,TFN-0060-XXX
BRW-0061,JUR-AU-FED,tax_resident,TFN-0061-XXX
BRW-0062,JUR-AU-FED,tax_resident,TFN-0062-XXX
BRW-0063,JUR-AU-FED,tax_resident,TFN-0063-XXX
BRW-0064,JUR-AU-FED,tax_resident,TFN-0064-XXX
BRW-0065,JUR-AU-FED,tax_resident,TFN-0065-XXX
BRW-0066,JUR-AU-FED,tax_resident,TFN-0066-XXX
BRW-0067,JUR-AU-FED,tax_resident,TFN-0067-XXX
BRW-0068,JUR-AU-FED,tax_resident,TFN-0068-XXX
BRW-0069,JUR-AU-FED,tax_resident,TFN-0069-XXX
BRW-0070,JUR-AU-FED,tax_resident,TFN-0070-XXX
BRW-0071,JUR-AU-FED,tax_resident,TFN-0071-XXX
BRW-0072,JUR-AU-FED,tax_resident,TFN-0072-XXX
BRW-0073,JUR-AU-FED,tax_resident,TFN-0073-XXX
BRW-0074,JUR-AU-FED,tax_resident,TFN-0074-XXX
BRW-0075,JUR-AU-FED,tax_resident,TFN-0075-XXX
BRW-0076,JUR-AU-FED,tax_resident,TFN-0076-XXX
BRW-0077,JUR-AU-FED,tax_resident,TFN-0077-XXX
BRW-0078,JUR-AU-FED,tax_resident,TFN-0078-XXX
BRW-0079,JUR-AU-FED,tax_resident,TFN-0079-XXX
BRW-0080,JUR-AU-FED,tax_resident,TFN-0080-XXX
BRW-0081,JUR-AU-FED,tax_resident,TFN-0081-XXX
BRW-0082,JUR-AU-FED,tax_resident,TFN-0082-XXX
BRW-0083,JUR-AU-FED,tax_resident,TFN-0083-XXX
BRW-0084,JUR-AU-FED,tax_resident,TFN-0084-XXX
BRW-0085,JUR-AU-FED,tax_resident,TFN-0085-XXX
BRW-0086,JUR-AU-FED,tax_resident,TFN-0086-XXX
BRW-0087,JUR-AU-FED,tax_resident,TFN-0087-XXX
BRW-0088,JUR-AU-FED,tax_resident,TFN-0088-XXX
BRW-0089,JUR-AU-FED,tax_resident,TFN-0089-XXX
BRW-0090,JUR-AU-FED,tax_resident,TFN-0090-XXX
BRW-0091,JUR-AU-FED,tax_resident,TFN-0091-XXX
BRW-0092,JUR-AU-FED,tax_resident,TFN-0092-XXX
BRW-0094,JUR-AU-FED,tax_resident,TFN-0094-XXX
BRW-0095,JUR-AU-FED,tax_resident,TFN-0095-XXX
BRW-0096,JUR-AU-FED,tax_resident,TFN-0096-XXX
BRW-0097,JUR-AU-FED,tax_resident,TFN-0097-XXX
BRW-0098,JUR-AU-FED,tax_resident,TFN-0098-XXX
BRW-0099,JUR-AU-FED,tax_resident,TFN-0099-XXX
BRW-0100,JUR-AU-FED,tax_resident,TFN-0100-XXX
BRW-0101,JUR-AU-FED,tax_resident,TFN-0101-XXX
BRW-0102,JUR-AU-FED,tax_resident,TFN-0102-XXX
BRW-0103,JUR-AU-FED,tax_resident,TFN-0103-XXX
BRW-0104,JUR-AU-FED,tax_resident,TFN-0104-XXX
BRW-0105,JUR-AU-FED,tax_resident,TFN-0105-XXX
BRW-0106,JUR-AU-FED,tax_resident,TFN-0106-XXX
BRW-0107,JUR-AU-FED,tax_resident,TFN-0107-XXX
BRW-0108,JUR-AU-FED,tax_resident,TFN-0108-XXX
BRW-0109,JUR-AU-FED,tax_resident,TFN-0109-XXX
BRW-0110,JUR-AU-FED,tax_resident,TFN-0110-XXX
BRW-0111,JUR-AU-FED,tax_resident,TFN-0111-XXX
BRW-0112,JUR-AU-FED,tax_resident,TFN-0112-XXX
BRW-0113,JUR-AU-FED,tax_resident,TFN-0113-XXX
BRW-0114,JUR-AU-FED,tax_resident,TFN-0114-XXX
BRW-0115,JUR-AU-FED,tax_resident,TFN-0115-XXX
BRW-0116,JUR-AU-FED,tax_resident,TFN-0116-XXX
BRW-0117,JUR-AU-FED,tax_resident,TFN-0117-XXX
BRW-0118,JUR-AU-FED,tax_resident,TFN-0118-XXX
BRW-0119,JUR-AU-FED,tax_resident,TFN-0119-XXX
BRW-0120,JUR-AU-FED,tax_resident,TFN-0120-XXX
BRW-0121,JUR-AU-FED,tax_resident,TFN-0121-XXX
BRW-0122,JUR-AU-FED,tax_resident,TFN-0122-XXX
BRW-0123,JUR-AU-FED,tax_resident,TFN-0123-XXX
BRW-0124,JUR-AU-FED,tax_resident,TFN-0124-XXX
BRW-0125,JUR-AU-FED,tax_resident,TFN-0125-XXX
BRW-0126,JUR-AU-FED,tax_resident,TFN-0126-XXX
BRW-0127,JUR-AU-FED,tax_resident,TFN-0127-XXX
BRW-0128,JUR-AU-FED,tax_resident,TFN-0128-XXX
BRW-0129,JUR-AU-FED,tax_resident,TFN-0129-XXX
BRW-0130,JUR-AU-FED,tax_resident,TFN-0130-XXX
BRW-0131,JUR-AU-FED,tax_resident,TFN-0131-XXX
BRW-0132,JUR-AU-FED,tax_resident,TFN-0132-XXX
BRW-0133,JUR-AU-FED,tax_resident,TFN-0133-XXX
BRW-0134,JUR-AU-FED,tax_resident,TFN-0134-XXX
BRW-0135,JUR-AU-FED,tax_resident,TFN-0135-XXX
BRW-0136,JUR-AU-FED,tax_resident,TFN-0136-XXX
BRW-0137,JUR-AU-FED,tax_resident,TFN-0137-XXX
BRW-0138,JUR-AU-FED,tax_resident,TFN-0138-XXX
BRW-0139,JUR-AU-FED,tax_resident,TFN-0139-XXX
BRW-0140,JUR-AU-FED,tax_resident,TFN-0140-XXX
BRW-0141,JUR-AU-FED,tax_resident,TFN-0141-XXX
BRW-0142,JUR-AU-FED,tax_resident,TFN-0142-XXX
BRW-0143,JUR-AU-FED,tax_resident,TFN-0143-XXX
BRW-0144,JUR-AU-FED,tax_resident,TFN-0144-XXX
BRW-0145,JUR-AU-FED,tax_resident,TFN-0145-XXX
BRW-0146,JUR-AU-FED,tax_resident,TFN-0146-XXX
BRW-0147,JUR-AU-FED,tax_resident,TFN-0147-XXX
BRW-0148,JUR-AU-FED,tax_resident,TFN-0148-XXX
BRW-0149,JUR-AU-FED,tax_resident,TFN-0149-XXX
BRW-0150,JUR-AU-FED,tax_resident,TFN-0150-XXX
BRW-0151,JUR-AU-FED,tax_resident,TFN-0151-XXX
BRW-0152,JUR-AU-FED,tax_resident,TFN-0152-XXX
BRW-0153,JUR-AU-FED,tax_resident,TFN-0153-XXX
BRW-0154,JUR-AU-FED,tax_resident,TFN-0154-XXX
BRW-0155,JUR-AU-FED,tax_resident,TFN-0155-XXX
BRW-0156,JUR-AU-FED,tax_resident,TFN-0156-XXX
BRW-0157,JUR-AU-FED,tax_resident,TFN-0157-XXX
BRW-0158,JUR-AU-FED,tax_resident,TFN-0158-XXX
BRW-0159,JUR-AU-FED,tax_resident,TFN-0159-XXX
BRW-0160,JUR-AU-FED,tax_resident,TFN-0160-XXX
BRW-0161,JUR-AU-FED,tax_resident,TFN-0161-XXX
BRW-0162,JUR-AU-FED,tax_resident,TFN-0162-XXX
BRW-0163,JUR-AU-FED,tax_resident,TFN-0163-XXX
BRW-0164,JUR-AU-FED,tax_resident,TFN-0164-XXX
BRW-0165,JUR-AU-FED,tax_resident,TFN-0165-XXX
BRW-0166,JUR-AU-FED,tax_resident,TFN-0166-XXX
BRW-0167,JUR-AU-FED,tax_resident,TFN-0167-XXX
BRW-0168,JUR-AU-FED,tax_resident,TFN-0168-XXX
BRW-0169,JUR-AU-FED,tax_resident,TFN-0169-XXX
BRW-0170,JUR-AU-FED,tax_resident,TFN-0170-XXX
BRW-0171,JUR-AU-FED,tax_resident,TFN-0171-XXX
BRW-0172,JUR-AU-FED,tax_resident,TFN-0172-XXX
BRW-0173,JUR-AU-FED,tax_resident,TFN-0173-XXX
BRW-0174,JUR-AU-FED,tax_resident,TFN-0174-XXX
BRW-0175,JUR-AU-FED,tax_resident,TFN-0175-XXX
BRW-0176,JUR-AU-FED,tax_resident,TFN-0176-XXX
BRW-0177,JUR-AU-FED,tax_resident,TFN-0177-XXX
BRW-0178,JUR-AU-FED,tax_resident,TFN-0178-XXX
BRW-0179,JUR-AU-FED,tax_resident,TFN-0179-XXX
BRW-0180,JUR-AU-FED,tax_resident,TFN-0180-XXX
BRW-0181,JUR-AU-FED,tax_resident,TFN-0181-XXX
BRW-0182,JUR-AU-FED,tax_resident,TFN-0182-XXX
BRW-0183,JUR-AU-FED,tax_resident,TFN-0183-XXX
BRW-0185,JUR-AU-FED,tax_resident,TFN-0185-XXX
BRW-0186,JUR-AU-FED,tax_resident,TFN-0186-XXX
BRW-0187,JUR-AU-FED,tax_resident,TFN-0187-XXX
BRW-0188,JUR-AU-FED,tax_resident,TFN-0188-XXX
BRW-0189,JUR-AU-FED,tax_resident,TFN-0189-XXX
BRW-0190,JUR-AU-FED,tax_resident,TFN-0190-XXX
BRW-0191,JUR-AU-FED,tax_resident,TFN-0191-XXX
BRW-0192,JUR-AU-FED,tax_resident,TFN-0192-XXX
BRW-0193,JUR-AU-FED,tax_resident,TFN-0193-XXX
BRW-0194,JUR-AU-FED,tax_resident,TFN-0194-XXX
BRW-0195,JUR-AU-FED,tax_resident,TFN-0195-XXX
BRW-0196,JUR-AU-FED,tax_resident,TFN-0196-XXX
BRW-0197,JUR-AU-FED,tax_resident,TFN-0197-XXX
BRW-0198,JUR-AU-FED,tax_resident,TFN-0198-XXX
BRW-0199,JUR-AU-FED,tax_resident,TFN-0199-XXX
BRW-0200,JUR-AU-FED,tax_resident,TFN-0200-XXX
BRW-0201,JUR-AU-FED,tax_resident,TFN-0201-XXX
BRW-0202,JUR-AU-FED,tax_resident,TFN-0202-XXX
BRW-0203,JUR-AU-FED,tax_resident,TFN-0203-XXX
BRW-0204,JUR-AU-FED,tax_resident,TFN-0204-XXX
BRW-0205,JUR-AU-FED,tax_resident,TFN-0205-XXX
BRW-0206,JUR-AU-FED,tax_resident,TFN-0206-XXX
BRW-0207,JUR-AU-FED,tax_resident,TFN-0207-XXX
BRW-0208,JUR-AU-FED,tax_resident,TFN-0208-XXX
BRW-0209,JUR-AU-FED,tax_resident,TFN-0209-XXX
BRW-0210,JUR-AU-FED,tax_resident,TFN-0210-XXX
BRW-0211,JUR-AU-FED,tax_resident,TFN-0211-XXX
BRW-0212,JUR-AU-FED,tax_resident,TFN-0212-XXX
BRW-0213,JUR-AU-FED,tax_resident,TFN-0213-XXX
BRW-0214,JUR-AU-FED,tax_resident,TFN-0214-XXX
BRW-0216,JUR-AU-FED,tax_resident,TFN-0216-XXX
BRW-0217,JUR-AU-FED,tax_resident,TFN-0217-XXX
BRW-0218,JUR-AU-FED,tax_resident,TFN-0218-XXX
BRW-0219,JUR-AU-FED,tax_resident,TFN-0219-XXX
BRW-0220,JUR-AU-FED,tax_resident,TFN-0220-XXX
BRW-0221,JUR-AU-FED,tax_resident,TFN-0221-XXX
BRW-0222,JUR-AU-FED,tax_resident,TFN-0222-XXX
BRW-0223,JUR-AU-FED,tax_resident,TFN-0223-XXX
BRW-0224,JUR-AU-FED,tax_resident,TFN-0224-XXX
BRW-0225,JUR-AU-FED,tax_resident,TFN-0225-XXX
BRW-0226,JUR-AU-FED,tax_resident,TFN-0226-XXX
BRW-0227,JUR-AU-FED,tax_resident,TFN-0227-XXX
BRW-0229,JUR-AU-FED,tax_resident,TFN-0229-XXX
BRW-0230,JUR-AU-FED,tax_resident,TFN-0230-XXX
BRW-0231,JUR-AU-FED,tax_resident,TFN-0231-XXX
BRW-0232,JUR-AU-FED,tax_resident,TFN-0232-XXX
BRW-0233,JUR-AU-FED,tax_resident,TFN-0233-XXX
BRW-0234,JUR-AU-FED,tax_resident,TFN-0234-XXX
BRW-0235,JUR-AU-FED,tax_resident,TFN-0235-XXX
BRW-0236,JUR-AU-FED,tax_resident,TFN-0236-XXX
BRW-0237,JUR-AU-FED,tax_resident,TFN-0237-XXX
BRW-0238,JUR-AU-FED,tax_resident,TFN-0238-XXX
BRW-0239,JUR-AU-FED,tax_resident,TFN-0239-XXX
BRW-0240,JUR-AU-FED,tax_resident,TFN-0240-XXX
BRW-0241,JUR-AU-FED,tax_resident,TFN-0241-XXX
BRW-0242,JUR-AU-FED,tax_resident,TFN-0242-XXX
BRW-0243,JUR-AU-FED,tax_resident,TFN-0243-XXX
BRW-0244,JUR-AU-FED,tax_resident,TFN-0244-XXX
BRW-0245,JUR-AU-FED,tax_resident,TFN-0245-XXX
BRW-0246,JUR-AU-FED,tax_resident,TFN-0246-XXX
BRW-0247,JUR-AU-FED,tax_resident,TFN-0247-XXX
BRW-0248,JUR-AU-FED,tax_resident,TFN-0248-XXX
BRW-0249,JUR-AU-FED,tax_resident,TFN-0249-XXX
BRW-0250,JUR-AU-FED,tax_resident,TFN-0250-XXX
BRW-0251,JUR-AU-FED,tax_resident,TFN-0251-XXX
BRW-0252,JUR-AU-FED,tax_resident,TFN-0252-XXX
BRW-0253,JUR-AU-FED,tax_resident,TFN-0253-XXX
BRW-0254,JUR-AU-FED,tax_resident,TFN-0254-XXX
BRW-0255,JUR-AU-FED,tax_resident,TFN-0255-XXX
BRW-0256,JUR-AU-FED,tax_resident,TFN-0256-XXX
BRW-0257,JUR-AU-FED,tax_resident,TFN-0257-XXX
BRW-0258,JUR-AU-FED,tax_resident,TFN-0258-XXX
BRW-0259,JUR-AU-FED,tax_resident,TFN-0259-XXX
BRW-0261,JUR-AU-FED,tax_resident,TFN-0261-XXX
BRW-0262,JUR-AU-FED,tax_resident,TFN-0262-XXX
BRW-0263,JUR-AU-FED,tax_resident,TFN-0263-XXX
BRW-0264,JUR-AU-FED,tax_resident,TFN-0264-XXX
BRW-0265,JUR-AU-FED,tax_resident,TFN-0265-XXX
BRW-0266,JUR-AU-FED,tax_resident,TFN-0266-XXX
BRW-0267,JUR-AU-FED,tax_resident,TFN-0267-XXX
BRW-0268,JUR-AU-FED,tax_resident,TFN-0268-XXX
BRW-0269,JUR-AU-FED,tax_resident,TFN-0269-XXX
BRW-0270,JUR-AU-FED,tax_resident,TFN-0270-XXX
BRW-0271,JUR-AU-FED,tax_resident,TFN-0271-XXX
BRW-0272,JUR-AU-FED,tax_resident,TFN-0272-XXX
BRW-0273,JUR-AU-FED,tax_resident,TFN-0273-XXX
BRW-0274,JUR-AU-FED,tax_resident,TFN-0274-XXX
BRW-0275,JUR-AU-FED,tax_resident,TFN-0275-XXX
BRW-0276,JUR-AU-FED,tax_resident,TFN-0276-XXX
BRW-0277,JUR-AU-FED,tax_resident,TFN-0277-XXX
BRW-0278,JUR-AU-FED,tax_resident,TFN-0278-XXX
BRW-0279,JUR-AU-FED,tax_resident,TFN-0279-XXX
BRW-0280,JUR-AU-FED,tax_resident,TFN-0280-XXX
BRW-0281,JUR-AU-FED,tax_resident,TFN-0281-XXX
BRW-0282,JUR-AU-FED,tax_resident,TFN-0282-XXX
BRW-0283,JUR-AU-FED,tax_resident,TFN-0283-XXX
BRW-0284,JUR-AU-FED,tax_resident,TFN-0284-XXX
BRW-0285,JUR-AU-FED,tax_resident,TFN-0285-XXX
BRW-0286,JUR-AU-FED,tax_resident,TFN-0286-XXX
BRW-0287,JUR-AU-FED,tax_resident,TFN-0287-XXX
BRW-0288,JUR-AU-FED,tax_resident,TFN-0288-XXX
BRW-0289,JUR-AU-FED,tax_resident,TFN-0289-XXX
BRW-0290,JUR-AU-FED,tax_resident,TFN-0290-XXX
BRW-0291,JUR-AU-FED,tax_resident,TFN-0291-XXX
BRW-0292,JUR-AU-FED,tax_resident,TFN-0292-XXX
BRW-0293,JUR-AU-FED,tax_resident,TFN-0293-XXX
BRW-0294,JUR-AU-FED,tax_resident,TFN-0294-XXX
BRW-0295,JUR-AU-FED,tax_resident,TFN-0295-XXX
BRW-0297,JUR-AU-FED,tax_resident,TFN-0297-XXX
BRW-0298,JUR-AU-FED,tax_resident,TFN-0298-XXX
BRW-0299,JUR-AU-FED,tax_resident,TFN-0299-XXX
BRW-0300,JUR-AU-FED,tax_resident,TFN-0300-XXX
BRW-0301,JUR-AU-FED,tax_resident,TFN-0301-XXX
BRW-0302,JUR-AU-FED,tax_resident,TFN-0302-XXX
BRW-0303,JUR-AU-FED,tax_resident,TFN-0303-XXX
BRW-0304,JUR-AU-FED,tax_resident,TFN-0304-XXX
BRW-0305,JUR-AU-FED,tax_resident,TFN-0305-XXX
BRW-0306,JUR-AU-FED,tax_resident,TFN-0306-XXX
BRW-0307,JUR-AU-FED,tax_resident,TFN-0307-XXX
BRW-0308,JUR-AU-FED,tax_resident,TFN-0308-XXX
BRW-0309,JUR-AU-FED,tax_resident,TFN-0309-XXX
BRW-0310,JUR-AU-FED,tax_resident,TFN-0310-XXX
BRW-0311,JUR-AU-FED,tax_resident,TFN-0311-XXX
BRW-0312,JUR-AU-FED,tax_resident,TFN-0312-XXX
BRW-0313,JUR-AU-FED,tax_resident,TFN-0313-XXX
BRW-0314,JUR-AU-FED,tax_resident,TFN-0314-XXX
BRW-0315,JUR-AU-FED,tax_resident,TFN-0315-XXX
BRW-0316,JUR-AU-FED,tax_resident,TFN-0316-XXX
BRW-0317,JUR-AU-FED,tax_resident,TFN-0317-XXX
BRW-0318,JUR-AU-FED,tax_resident,TFN-0318-XXX
BRW-0319,JUR-AU-FED,tax_resident,TFN-0319-XXX
BRW-0320,JUR-AU-FED,tax_resident,TFN-0320-XXX
BRW-0321,JUR-AU-FED,tax_resident,TFN-0321-XXX
BRW-0322,JUR-AU-FED,tax_resident,TFN-0322-XXX
BRW-0323,JUR-AU-FED,tax_resident,TFN-0323-XXX
BRW-0324,JUR-AU-FED,tax_resident,TFN-0324-XXX
BRW-0325,JUR-AU-FED,tax_resident,TFN-0325-XXX
BRW-0326,JUR-AU-FED,tax_resident,TFN-0326-XXX
BRW-0327,JUR-AU-FED,tax_resident,TFN-0327-XXX
BRW-0328,JUR-AU-FED,tax_resident,TFN-0328-XXX
BRW-0329,JUR-AU-FED,tax_resident,TFN-0329-XXX
BRW-0330,JUR-AU-FED,tax_resident,TFN-0330-XXX
BRW-0331,JUR-AU-FED,tax_resident,TFN-0331-XXX
BRW-0332,JUR-AU-FED,tax_resident,TFN-0332-XXX
BRW-0333,JUR-AU-FED,tax_resident,TFN-0333-XXX
BRW-0334,JUR-AU-FED,tax_resident,TFN-0334-XXX
BRW-0335,JUR-AU-FED,tax_resident,TFN-0335-XXX
BRW-0336,JUR-AU-FED,tax_resident,TFN-0336-XXX
BRW-0337,JUR-AU-FED,tax_resident,TFN-0337-XXX
BRW-0338,JUR-AU-FED,tax_resident,TFN-0338-XXX
BRW-0339,JUR-AU-FED,tax_resident,TFN-0339-XXX
BRW-0340,JUR-AU-FED,tax_resident,TFN-0340-XXX
BRW-0341,JUR-AU-FED,tax_resident,TFN-0341-XXX
BRW-0342,JUR-AU-FED,tax_resident,TFN-0342-XXX
BRW-0343,JUR-AU-FED,tax_resident,TFN-0343-XXX
BRW-0344,JUR-AU-FED,tax_resident,TFN-0344-XXX
BRW-0345,JUR-AU-FED,tax_resident,TFN-0345-XXX
BRW-0346,JUR-AU-FED,tax_resident,TFN-0346-XXX
BRW-0347,JUR-AU-FED,tax_resident,TFN-0347-XXX
BRW-0348,JUR-AU-FED,tax_resident,TFN-0348-XXX
BRW-0349,JUR-AU-FED,tax_resident,TFN-0349-XXX
BRW-0350,JUR-AU-FED,tax_resident,TFN-0350-XXX
BRW-0351,JUR-AU-FED,tax_resident,TFN-0351-XXX
BRW-0352,JUR-AU-FED,tax_resident,TFN-0352-XXX
BRW-0353,JUR-AU-FED,tax_resident,TFN-0353-XXX
BRW-0354,JUR-AU-FED,tax_resident,TFN-0354-XXX
BRW-0355,JUR-AU-FED,tax_resident,TFN-0355-XXX
BRW-0356,JUR-AU-FED,tax_resident,TFN-0356-XXX
BRW-0357,JUR-AU-FED,tax_resident,TFN-0357-XXX
BRW-0358,JUR-AU-FED,tax_resident,TFN-0358-XXX
BRW-0359,JUR-AU-FED,tax_resident,TFN-0359-XXX
BRW-0360,JUR-AU-FED,tax_resident,TFN-0360-XXX
BRW-0361,JUR-AU-FED,tax_resident,TFN-0361-XXX
BRW-0362,JUR-AU-FED,tax_resident,TFN-0362-XXX
BRW-0363,JUR-AU-FED,tax_resident,TFN-0363-XXX
BRW-0364,JUR-AU-FED,tax_resident,TFN-0364-XXX
BRW-0365,JUR-AU-FED,tax_resident,TFN-0365-XXX
BRW-0366,JUR-AU-FED,tax_resident,TFN-0366-XXX
BRW-0367,JUR-AU-FED,tax_resident,TFN-0367-XXX
BRW-0368,JUR-AU-FED,tax_resident,TFN-0368-XXX
BRW-0369,JUR-AU-FED,tax_resident,TFN-0369-XXX
BRW-0370,JUR-AU-FED,tax_resident,TFN-0370-XXX
BRW-0371,JUR-AU-FED,tax_resident,TFN-0371-XXX
BRW-0372,JUR-AU-FED,tax_resident,TFN-0372-XXX
BRW-0373,JUR-AU-FED,tax_resident,TFN-0373-XXX
BRW-0374,JUR-AU-FED,tax_resident,TFN-0374-XXX
BRW-0375,JUR-AU-FED,tax_resident,TFN-0375-XXX
BRW-0376,JUR-AU-FED,tax_resident,TFN-0376-XXX
BRW-0377,JUR-AU-FED,tax_resident,TFN-0377-XXX
BRW-0378,JUR-AU-FED,tax_resident,TFN-0378-XXX
BRW-0379,JUR-AU-FED,tax_resident,TFN-0379-XXX
BRW-0380,JUR-AU-FED,tax_resident,TFN-0380-XXX
BRW-0381,JUR-AU-FED,tax_resident,TFN-0381-XXX
BRW-0382,JUR-AU-FED,tax_resident,TFN-0382-XXX
BRW-0383,JUR-AU-FED,tax_resident,TFN-0383-XXX
BRW-0384,JUR-AU-FED,tax_resident,TFN-0384-XXX
BRW-0385,JUR-AU-FED,tax_resident,TFN-0385-XXX
BRW-0386,JUR-AU-FED,tax_resident,TFN-0386-XXX
BRW-0387,JUR-AU-FED,tax_resident,TFN-0387-XXX
BRW-0388,JUR-AU-FED,tax_resident,TFN-0388-XXX
BRW-0389,JUR-AU-FED,tax_resident,TFN-0389-XXX
BRW-0390,JUR-AU-FED,tax_resident,TFN-0390-XXX
BRW-0391,JUR-AU-FED,tax_resident,TFN-0391-XXX
BRW-0392,JUR-AU-FED,tax_resident,TFN-0392-XXX
BRW-0393,JUR-AU-FED,tax_resident,TFN-0393-XXX
BRW-0394,JUR-AU-FED,tax_resident,TFN-0394-XXX
BRW-0395,JUR-AU-FED,tax_resident,TFN-0395-XXX
BRW-0396,JUR-AU-FED,tax_resident,TFN-0396-XXX
BRW-0397,JUR-AU-FED,tax_resident,TFN-0397-XXX
BRW-0398,JUR-AU-FED,tax_resident,TFN-0398-XXX
BRW-0399,JUR-AU-FED,tax_resident,TFN-0399-XXX
BRW-0400,JUR-AU-FED,tax_resident,TFN-0400-XXX
BRW-0401,JUR-AU-FED,tax_resident,TFN-0401-XXX
BRW-0402,JUR-AU-FED,tax_resident,TFN-0402-XXX
BRW-0403,JUR-AU-FED,tax_resident,TFN-0403-XXX
BRW-0404,JUR-AU-FED,tax_resident,TFN-0404-XXX
BRW-0405,JUR-AU-FED,tax_resident,TFN-0405-XXX
BRW-0406,JUR-AU-FED,tax_resident,TFN-0406-XXX
BRW-0407,JUR-AU-FED,tax_resident,TFN-0407-XXX
BRW-0408,JUR-AU-FED,tax_resident,TFN-0408-XXX
BRW-0409,JUR-AU-FED,tax_resident,TFN-0409-XXX
BRW-0410,JUR-AU-FED,tax_resident,TFN-0410-XXX
BRW-0411,JUR-AU-FED,tax_resident,TFN-0411-XXX
BRW-0412,JUR-AU-FED,tax_resident,TFN-0412-XXX
BRW-0413,JUR-AU-FED,tax_resident,TFN-0413-XXX
BRW-0414,JUR-AU-FED,tax_resident,TFN-0414-XXX
BRW-0415,JUR-AU-FED,tax_resident,TFN-0415-XXX
BRW-0416,JUR-AU-FED,tax_resident,TFN-0416-XXX
BRW-0417,JUR-AU-FED,tax_resident,TFN-0417-XXX
BRW-0418,JUR-AU-FED,tax_resident,TFN-0418-XXX
BRW-0419,JUR-AU-FED,tax_resident,TFN-0419-XXX
BRW-0420,JUR-AU-FED,tax_resident,TFN-0420-XXX
BRW-0421,JUR-AU-FED,tax_resident,TFN-0421-XXX
BRW-0422,JUR-AU-FED,tax_resident,TFN-0422-XXX
BRW-0423,JUR-AU-FED,tax_resident,TFN-0423-XXX
BRW-0424,JUR-AU-FED,tax_resident,TFN-0424-XXX
BRW-0425,JUR-AU-FED,tax_resident,TFN-0425-XXX
BRW-0426,JUR-AU-FED,tax_resident,TFN-0426-XXX
BRW-0427,JUR-AU-FED,tax_resident,TFN-0427-XXX
BRW-0428,JUR-AU-FED,tax_resident,TFN-0428-XXX
BRW-0429,JUR-AU-FED,tax_resident,TFN-0429-XXX
BRW-0430,JUR-AU-FED,tax_resident,TFN-0430-XXX
BRW-0431,JUR-AU-FED,tax_resident,TFN-0431-XXX
BRW-0432,JUR-AU-FED,tax_resident,TFN-0432-XXX
BRW-0433,JUR-AU-FED,tax_resident,TFN-0433-XXX
BRW-0434,JUR-AU-FED,tax_resident,TFN-0434-XXX
BRW-0435,JUR-AU-FED,tax_resident,TFN-0435-XXX
BRW-0436,JUR-AU-FED,tax_resident,TFN-0436-XXX
BRW-0437,JUR-AU-FED,tax_resident,TFN-0437-XXX
BRW-0438,JUR-AU-FED,tax_resident,TFN-0438-XXX
BRW-0439,JUR-AU-FED,tax_resident,TFN-0439-XXX
BRW-0440,JUR-AU-FED,tax_resident,TFN-0440-XXX
BRW-0441,JUR-AU-FED,tax_resident,TFN-0441-XXX
BRW-0443,JUR-AU-FED,tax_resident,TFN-0443-XXX
BRW-0444,JUR-AU-FED,tax_resident,TFN-0444-XXX
BRW-0445,JUR-AU-FED,tax_resident,TFN-0445-XXX
BRW-0446,JUR-AU-FED,tax_resident,TFN-0446-XXX
BRW-0447,JUR-AU-FED,tax_resident,TFN-0447-XXX
BRW-0448,JUR-AU-FED,tax_resident,TFN-0448-XXX
BRW-0449,JUR-AU-FED,tax_resident,TFN-0449-XXX
BRW-0450,JUR-AU-FED,tax_resident,TFN-0450-XXX
BRW-0451,JUR-AU-FED,tax_resident,TFN-0451-XXX
BRW-0452,JUR-AU-FED,tax_resident,TFN-0452-XXX
BRW-0453,JUR-AU-FED,tax_resident,TFN-0453-XXX
BRW-0454,JUR-AU-FED,tax_resident,TFN-0454-XXX
BRW-0455,JUR-AU-FED,tax_resident,TFN-0455-XXX
BRW-0456,JUR-AU-FED,tax_resident,TFN-0456-XXX
BRW-0457,JUR-AU-FED,tax_resident,TFN-0457-XXX
BRW-0458,JUR-AU-FED,tax_resident,TFN-0458-XXX
BRW-0459,JUR-AU-FED,tax_resident,TFN-0459-XXX
BRW-0460,JUR-AU-FED,tax_resident,TFN-0460-XXX
BRW-0461,JUR-AU-FED,tax_resident,TFN-0461-XXX
BRW-0462,JUR-AU-FED,tax_resident,TFN-0462-XXX
BRW-0463,JUR-AU-FED,tax_resident,TFN-0463-XXX
BRW-0464,JUR-AU-FED,tax_resident,TFN-0464-XXX
BRW-0465,JUR-AU-FED,tax_resident,TFN-0465-XXX
BRW-0466,JUR-AU-FED,tax_resident,TFN-0466-XXX
BRW-0467,JUR-AU-FED,tax_resident,TFN-0467-XXX
BRW-0468,JUR-AU-FED,tax_resident,TFN-0468-XXX
BRW-0469,JUR-AU-FED,tax_resident,TFN-0469-XXX
BRW-0470,JUR-AU-FED,tax_resident,TFN-0470-XXX
BRW-0471,JUR-AU-FED,tax_resident,TFN-0471-XXX
BRW-0472,JUR-AU-FED,tax_resident,TFN-0472-XXX
BRW-0473,JUR-AU-FED,tax_resident,TFN-0473-XXX
BRW-0474,JUR-AU-FED,tax_resident,TFN-0474-XXX
BRW-0475,JUR-AU-FED,tax_resident,TFN-0475-XXX
BRW-0476,JUR-AU-FED,tax_resident,TFN-0476-XXX
BRW-0478,JUR-AU-FED,tax_resident,TFN-0478-XXX
BRW-0479,JUR-AU-FED,tax_resident,TFN-0479-XXX
BRW-0480,JUR-AU-FED,tax_resident,TFN-0480-XXX
BRW-0481,JUR-AU-FED,tax_resident,TFN-0481-XXX
BRW-0482,JUR-AU-FED,tax_resident,TFN-0482-XXX
BRW-0483,JUR-AU-FED,tax_resident,TFN-0483-XXX
BRW-0484,JUR-AU-FED,tax_resident,TFN-0484-XXX
BRW-0485,JUR-AU-FED,tax_resident,TFN-0485-XXX
BRW-0486,JUR-AU-FED,tax_resident,TFN-0486-XXX
BRW-0487,JUR-AU-FED,tax_resident,TFN-0487-XXX
BRW-0488,JUR-AU-FED,tax_resident,TFN-0488-XXX
BRW-0489,JUR-AU-FED,tax_resident,TFN-0489-XXX
BRW-0490,JUR-AU-FED,tax_resident,TFN-0490-XXX
BRW-0492,JUR-AU-FED,tax_resident,TFN-0492-XXX
BRW-0493,JUR-AU-FED,tax_resident,TFN-0493-XXX
BRW-0494,JUR-AU-FED,tax_resident,TFN-0494-XXX
BRW-0495,JUR-AU-FED,tax_resident,TFN-0495-XXX
BRW-0496,JUR-AU-FED,tax_resident,TFN-0496-XXX
BRW-0497,JUR-AU-FED,tax_resident,TFN-0497-XXX
BRW-0498,JUR-AU-FED,tax_resident,TFN-0498-XXX
BRW-0499,JUR-AU-FED,tax_resident,TFN-0499-XXX
BRW-0500,JUR-AU-FED,tax_resident,TFN-0500-XXX
BRW-0501,JUR-AU-FED,tax_resident,TFN-0501-XXX
BRW-0502,JUR-AU-FED,tax_resident,TFN-0502-XXX
BRW-0503,JUR-AU-FED,tax_resident,TFN-0503-XXX
BRW-0504,JUR-AU-FED,tax_resident,TFN-0504-XXX
BRW-0505,JUR-AU-FED,tax_resident,TFN-0505-XXX
BRW-0506,JUR-AU-FED,tax_resident,TFN-0506-XXX
BRW-0507,JUR-AU-FED,tax_resident,TFN-0507-XXX
BRW-0508,JUR-AU-FED,tax_resident,TFN-0508-XXX
BRW-0509,JUR-AU-FED,tax_resident,TFN-0509-XXX
BRW-0510,JUR-AU-FED,tax_resident,TFN-0510-XXX
BRW-0511,JUR-AU-FED,tax_resident,TFN-0511-XXX
BRW-0512,JUR-AU-FED,tax_resident,TFN-0512-XXX
BRW-0513,JUR-AU-FED,tax_resident,TFN-0513-XXX
BRW-0514,JUR-AU-FED,tax_resident,TFN-0514-XXX
BRW-0515,JUR-AU-FED,tax_resident,TFN-0515-XXX
BRW-0516,JUR-AU-FED,tax_resident,TFN-0516-XXX
BRW-0517,JUR-AU-FED,tax_resident,TFN-0517-XXX
BRW-0518,JUR-AU-FED,tax_resident,TFN-0518-XXX
BRW-0519,JUR-AU-FED,tax_resident,TFN-0519-XXX
BRW-0520,JUR-AU-FED,tax_resident,TFN-0520-XXX
BRW-0521,JUR-AU-FED,tax_resident,TFN-0521-XXX
BRW-0522,JUR-AU-FED,tax_resident,TFN-0522-XXX
BRW-0523,JUR-AU-FED,tax_resident,TFN-0523-XXX
BRW-0524,JUR-AU-FED,tax_resident,TFN-0524-XXX
BRW-0525,JUR-AU-FED,tax_resident,TFN-0525-XXX
BRW-0526,JUR-AU-FED,tax_resident,TFN-0526-XXX
BRW-0527,JUR-AU-FED,tax_resident,TFN-0527-XXX
BRW-0528,JUR-AU-FED,tax_resident,TFN-0528-XXX
BRW-0529,JUR-AU-FED,tax_resident,TFN-0529-XXX
BRW-0530,JUR-AU-FED,tax_resident,TFN-0530-XXX
BRW-0531,JUR-AU-FED,tax_resident,TFN-0531-XXX
BRW-0532,JUR-AU-FED,tax_resident,TFN-0532-XXX
BRW-0533,JUR-AU-FED,tax_resident,TFN-0533-XXX
BRW-0534,JUR-AU-FED,tax_resident,TFN-0534-XXX
BRW-0535,JUR-AU-FED,tax_resident,TFN-0535-XXX
BRW-0536,JUR-AU-FED,tax_resident,TFN-0536-XXX
BRW-0537,JUR-AU-FED,tax_resident,TFN-0537-XXX
BRW-0538,JUR-AU-FED,tax_resident,TFN-0538-XXX
BRW-0539,JUR-AU-FED,tax_resident,TFN-0539-XXX
BRW-0540,JUR-AU-FED,tax_resident,TFN-0540-XXX
BRW-0541,JUR-AU-FED,tax_resident,TFN-0541-XXX
BRW-0542,JUR-AU-FED,tax_resident,TFN-0542-XXX
BRW-0543,JUR-AU-FED,tax_resident,TFN-0543-XXX
BRW-0544,JUR-AU-FED,tax_resident,TFN-0544-XXX
BRW-0545,JUR-AU-FED,tax_resident,TFN-0545-XXX
BRW-0546,JUR-AU-FED,tax_resident,TFN-0546-XXX
BRW-0547,JUR-AU-FED,tax_resident,TFN-0547-XXX
BRW-0548,JUR-AU-FED,tax_resident,TFN-0548-XXX
BRW-0549,JUR-AU-FED,tax_resident,TFN-0549-XXX
BRW-0550,JUR-AU-FED,tax_resident,TFN-0550-XXX
BRW-0551,JUR-AU-FED,tax_resident,TFN-0551-XXX
BRW-0552,JUR-AU-FED,tax_resident,TFN-0552-XXX
BRW-0553,JUR-AU-FED,tax_resident,TFN-0553-XXX
BRW-0554,JUR-AU-FED,tax_resident,TFN-0554-XXX
BRW-0555,JUR-AU-FED,tax_resident,TFN-0555-XXX
BRW-0556,JUR-AU-FED,tax_resident,TFN-0556-XXX
BRW-0557,JUR-AU-FED,tax_resident,TFN-0557-XXX
BRW-0558,JUR-AU-FED,tax_resident,TFN-0558-XXX
BRW-0559,JUR-AU-FED,tax_resident,TFN-0559-XXX
BRW-0561,JUR-AU-FED,tax_resident,TFN-0561-XXX
BRW-0562,JUR-AU-FED,tax_resident,TFN-0562-XXX
BRW-0563,JUR-AU-FED,tax_resident,TFN-0563-XXX
BRW-0564,JUR-AU-FED,tax_resident,TFN-0564-XXX
BRW-0565,JUR-AU-FED,tax_resident,TFN-0565-XXX
BRW-0566,JUR-AU-FED,tax_resident,TFN-0566-XXX
BRW-0567,JUR-AU-FED,tax_resident,TFN-0567-XXX
BRW-0568,JUR-AU-FED,tax_resident,TFN-0568-XXX
BRW-0569,JUR-AU-FED,tax_resident,TFN-0569-XXX
BRW-0570,JUR-AU-FED,tax_resident,TFN-0570-XXX
BRW-0571,JUR-AU-FED,tax_resident,TFN-0571-XXX
BRW-0572,JUR-AU-FED,tax_resident,TFN-0572-XXX
BRW-0573,JUR-AU-FED,tax_resident,TFN-0573-XXX
BRW-0574,JUR-AU-FED,tax_resident,TFN-0574-XXX
BRW-0575,JUR-AU-FED,tax_resident,TFN-0575-XXX
BRW-0576,JUR-AU-FED,tax_resident,TFN-0576-XXX
BRW-0577,JUR-AU-FED,tax_resident,TFN-0577-XXX
BRW-0578,JUR-AU-FED,tax_resident,TFN-0578-XXX
BRW-0583,JUR-AU-FED,tax_resident,TFN-0583-XXX
BRW-0588,JUR-AU-FED,tax_resident,TFN-0588-XXX
BRW-0589,JUR-AU-FED,tax_resident,TFN-0589-XXX
BRW-0590,JUR-AU-FED,tax_resident,TFN-0590-XXX
BRW-0591,JUR-AU-FED,tax_resident,TFN-0591-XXX
BRW-0592,JUR-AU-FED,tax_resident,TFN-0592-XXX
BRW-0593,JUR-AU-FED,tax_resident,TFN-0593-XXX
BRW-0594,JUR-AU-FED,tax_resident,TFN-0594-XXX
BRW-0595,JUR-AU-FED,tax_resident,TFN-0595-XXX
BRW-0596,JUR-AU-FED,tax_resident,TFN-0596-XXX
BRW-0598,JUR-AU-FED,tax_resident,TFN-0598-XXX
BRW-0599,JUR-AU-FED,tax_resident,TFN-0599-XXX
BRW-0601,JUR-AU-FED,tax_resident,TFN-0601-XXX
BRW-0602,JUR-AU-FED,tax_resident,TFN-0602-XXX
BRW-0603,JUR-AU-FED,tax_resident,TFN-0603-XXX
BRW-0604,JUR-AU-FED,tax_resident,TFN-0604-XXX
BRW-0605,JUR-AU-FED,tax_resident,TFN-0605-XXX
BRW-0606,JUR-AU-FED,tax_resident,TFN-0606-XXX
BRW-0607,JUR-AU-FED,tax_resident,TFN-0607-XXX
BRW-0609,JUR-AU-FED,tax_resident,TFN-0609-XXX
BRW-0611,JUR-AU-FED,tax_resident,TFN-0611-XXX
BRW-0613,JUR-AU-FED,tax_resident,TFN-0613-XXX
BRW-0615,JUR-AU-FED,tax_resident,TFN-0615-XXX
BRW-0617,JUR-AU-FED,tax_resident,TFN-0617-XXX
BRW-0619,JUR-AU-FED,tax_resident,TFN-0619-XXX
BRW-0621,JUR-AU-FED,tax_resident,TFN-0621-XXX
BRW-0625,JUR-AU-FED,tax_resident,TFN-0625-XXX
BRW-0628,JUR-AU-FED,tax_resident,TFN-0628-XXX
